stationName,stationID,sLongitude,sLatitude,clusterID
Central Park West & W 72 St,7141.07,-73.976206,40.775794,15
Fulton St & Broadway,5175.08,-74.009447,40.711066,64
West Drive & Prospect Park West,3651.04,-73.979453,40.661063,4
Lorimer St & Broadway,4965.01,-73.948186,40.704118,88
William St & Pine St,5065.12,-74.008873,40.707179,90
Carroll St & Bond St,4184.07,-73.990373,40.678612,72
Fulton St & Clermont Ave,4386.05,-73.969223,40.684157,12
Dock St & Front St,4903.09,-73.99253,40.702709,151
Willow Ave & E 133 St,7626.02,-73.913863,40.800933,197
W 116 St & Broadway,7713.11,-73.9641,40.8082,27
Washington Ave & Greene Ave,4419.03,-73.965633,40.686501,12
Grand Ave & Bergen St,4190.06,-73.962408,40.678045,98
31 St & 21 Ave,7202.07,-73.90842,40.77813,86
2 Ave & E 125 St,7648.16,-73.933509,40.802554,36
Central Park W & W 97 St,7538.18,-73.964171,40.792495,175
8 Ave & W 38 St,6526.05,-73.99177,40.75461,113
Center Blvd & 48 Ave,6254.06,-73.957539,40.745038,22
W 163 St & Edgecombe Ave,8153.10,-73.937496,40.835798,18
2 Ave & E 31 St,6197.02,-73.977061,40.742909,104
Scholes St & Manhattan Ave,5108.01,-73.944862,40.708704,3
Tinton Ave & E 165 St,7991.01,-73.90242,40.824796,51
Rivington St & Ridge St,5406.02,-73.983299,40.718502,69
Plaza Dr & W 170 St,8213.01,-73.917946,40.840484,122
Fort Washington Ave & W 183 St,8399.06,-73.937854,40.852252,38
Hart St & Wyckoff Ave,4971.01,-73.919911,40.704876,117
Dyckman St & Staff St,8655.02,-73.931537,40.868846,138
Flushing Ave & Vanderbilt Ave,4762.05,-73.970776,40.69795,46
Concourse Village West & E 156 St,7962.01,-73.923267,40.823162,124
Grand Concourse & E Mosholu Pkwy S,8795.03,-73.884755,40.877964,126
Perry St & Bleecker St,5922.07,-74.004831,40.735354,162
Broadway & W 153 St,8089.05,-73.946665,40.831327,107
Commerce St & Van Brunt St,4243.01,-74.008609,40.681212,48
South St & Gouverneur Ln,4953.04,-74.006702,40.703554,90
W 90 St & Amsterdam Ave,7432.04,-73.972889,40.790179,58
Bond St & Bergen St,4404.10,-73.986208,40.684967,185
Howard St & Lafayette St,5422.04,-73.999733,40.719105,20
Stephen St & Seneca Ave,4798.10,-73.9007,40.6988,157
6 Ave & W 34 St,6364.10,-73.98805,40.74964,60
W 26 St & 10 Ave,6382.05,-74.00295,40.749718,177
Central Ave & Flushing Ave,4947.04,-73.9333,40.702831,103
Smith St & 3 St,4151.01,-73.995991,40.678724,112
E 30 St & Park Ave S,6206.08,-73.983035,40.744449,5
Perry St & Greenwich Ave,5955.12,-74.000939,40.735918,194
Mercer St & Spring St,5532.01,-73.999496,40.723627,20
3 Ave & E 62 St,6762.04,-73.965269,40.763126,101
West Thames St,5114.06,-74.017134,40.708347,192
Central Park North & Adam Clayton Powell Blvd,7617.07,-73.955613,40.799484,148
Broadway & Whipple St,4883.03,-73.94373,40.701666,88
Windsor Pl & Howard Pl,3579.04,-73.980139,40.659491,4
Howard St & Centre St,5422.04,-73.999733,40.719105,20
Kingston Ave & Herkimer St,4205.06,-73.941428,40.678907,110
Court St & Nelson St,4077.07,-73.998699,40.676395,112
Murray St & West St,5329.06,-74.013012,40.714979,64
Henry St & Grand St,5294.04,-73.981095,40.714211,69
Mott St & Prince St,5561.04,-73.9948,40.72318,71
Bialystoker Pl & Delancey St,5335.03,-73.982612,40.716226,69
Valentine Ave & E 183 St,8472.06,-73.898237,40.856987,32
Fulton Ave & St. Paul's Pl,8152.03,-73.90153,40.83545,106
Vernon Blvd & 50 Ave,6170.02,-73.954117,40.742327,22
Wythe Ave & Metropolitan Ave,5348.02,-73.963198,40.716887,128
Myrtle Ave & Linden St,4816.02,-73.91337,40.69943,117
Lenox Ave & W 133 St,7790.04,-73.941878,40.81296,159
1 Ave & E 44 St,6379.03,-73.969053,40.75002,164
Southern Blvd & E 175 St,8196.02,-73.886445,40.839335,158
31 St & Ditmars Blvd,7144.02,-73.910485,40.776168,6
47 Ave & 31 St,6151.03,-73.93561,40.743,127
Columbus Ave & W 103 St,7595.17,-73.964341,40.796935,175
E 2 St & Avenue B,5515.02,-73.983688,40.722174,23
Franklin St & Dupont St,5944.01,-73.95866,40.73564,44
21 St & Queens Plaza North,6471.02,-73.943358,40.75326,73
E 109 St & 3 Ave,7504.12,-73.943208,40.793297,190
1 Ave & E 78 St,7020.09,-73.953517,40.771404,178
12 St & 4 Ave,3882.01,-73.990439,40.668603,21
Gerard Ave & E 146 St,7868.05,-73.92965,40.817755,57
34th Ave & Vernon Blvd,6873.01,-73.939863,40.765354,56
E 141 St & Jackson Ave,7703.14,-73.911837,40.806896,10
Flatbush Ave & Eastern Pkwy,3856.03,-73.966438,40.668757,163
E 16 St & Irving Pl,5938.11,-73.987974,40.735367,78
Prospect Pl & Vanderbilt Ave,4157.15,-73.969021,40.677675,163
Engert Ave & McGuinness Blvd,5473.03,-73.94546,40.72158,52
Myrtle Ave & Fleet Pl,4628.07,-73.981909,40.693534,17
Dean St & Hoyt St,4446.05,-73.987591,40.686444,185
Market St & Cherry St,5198.04,-73.994004,40.710762,166
Hoyt St & Warren St,4330.09,-73.989016,40.684355,185
Brooklyn Bridge Park - Pier 2,4756.04,-73.997178,40.698458,151
Bayard St & Baxter St,5351.03,-73.999744,40.716021,166
W Fordham Rd & Loring Pl N,8590.01,-73.90741,40.86295,174
W 186 St & St. Nicholas Ave,8416.10,-73.931308,40.852253,152
Park Ave & Marcus Garvey Blvd,4768.02,-73.941342,40.698617,88
Bergen St & Vanderbilt Ave,4157.10,-73.968044,40.679439,12
E 25 St & 1 Ave,6004.07,-73.977387,40.738177,104
Amsterdam Ave & W 131 St,7842.16,-73.954295,40.816355,93
W 18 St & 9 Ave,6190.03,-74.003676,40.743534,25
Morris Ave & E 171 St,8209.01,-73.9109,40.83899,167
Tompkins Ave & Hopkins St,4850.04,-73.947084,40.699576,88
Columbia St & Rivington St,5365.02,-73.980166,40.7174,69
W 49 St & 8 Ave,6747.06,-73.987882,40.762272,168
E 118 St & Park Ave,7625.18,-73.941995,40.800539,118
St. Nicholas Terrace & Convent Ave,7937.15,-73.947868,40.821294,8
Madison St & Forest Ave,5025.02,-73.90245,40.70555,37
19 St & 24 Ave,7186.15,-73.92254,40.777455,39
Knickerbocker Ave & Thames St,5018.06,-73.92976,40.70539,198
E 81 St & 3 Ave,7154.07,-73.956753,40.77573,178
St Marks Pl & 1 Ave,5626.13,-73.985649,40.727791,78
Icahn Stadium,7514.01,-73.92389,40.79346,146
Verona Pl & Fulton St,4124.04,-73.947679,40.680356,31
3 St & Hoyt St,4110.10,-73.993641,40.677729,112
Crotona Park North & Prospect Ave,8236.01,-73.892317,40.841092,158
Van Brunt St & Wolcott St,4095.03,-74.012751,40.677343,48
E 81 St & York Ave,7084.12,-73.949892,40.772838,123
23 St & 3 Ave,3707.01,-73.998623,40.662611,79
Avenue C & E 18 St,5769.04,-73.973984,40.730563,169
Richards St & Delavan St,4202.04,-74.00785,40.679433,48
3 Ave & E 163 St,7974.01,-73.908699,40.823872,49
W 218 St & Indian Rd,8732.04,-73.918372,40.873055,108
Cambridge Pl & Gates Ave,4377.04,-73.96304,40.68488,12
Lexington Ave & E 128 St,7716.19,-73.936085,40.806414,134
Central Ave & Weirfield St,4591.04,-73.91181,40.69055,154
Mercer St & Bleecker St,5679.05,-73.996621,40.727064,71
Sullivan St & Washington Sq,5721.01,-73.999061,40.730477,194
Carmine St & 6 Ave,5763.03,-74.00215,40.730386,171
21 St & 21 Ave,7314.03,-73.914527,40.782465,116
3 St & Prospect Park West,3865.05,-73.973638,40.668132,63
E 106 St & 1 Ave,7456.03,-73.939562,40.789253,102
W 26 St & 8 Ave,6297.02,-73.997236,40.747348,177
W 22 St & 8 Ave,6224.03,-73.999154,40.744751,62
Wadsworth Ave & W 175 St,8299.03,-73.937648,40.846052,96
17 St & 5 Ave,3699.07,-73.991007,40.663493,21
W 44 St & 11 Ave,6756.05,-73.996975,40.762009,97
Brook Ave & E 141 St,7740.08,-73.917875,40.809619,87
E 188 St & Creston Ave,8566.05,-73.898589,40.861669,32
Greenwich St & Perry St,5922.04,-74.00697,40.73498,162
Lorimer St & Calyer St,5709.04,-73.95414,40.72795,44
Throop Ave & Myrtle Ave,4697.01,-73.943711,40.696229,88
Atlantic Ave & Furman St,4614.04,-73.999979,40.691652,80
N 15 St & Wythe Ave,5520.09,-73.955736,40.724055,191
Riverside Dr & W 138 St,7942.21,-73.955857,40.823168,150
Spring St & Hudson St,5653.12,-74.007653,40.72584,74
Lexington Ave & Classon Ave,4452.03,-73.959282,40.686768,184
43 St & 37 Ave,6401.01,-73.919998,40.750181,81
12 Ave & W 40 St,6765.01,-74.002777,40.760875,42
11 Ave & W 41 St,6726.01,-73.998842,40.760301,97
Bank St & Washington St,5964.01,-74.008592,40.736197,162
Riverside Blvd & W 67 St,7183.03,-73.988886,40.777507,125
Washington Ave & E 174 St,8277.03,-73.900216,40.843079,106
Broadway & W 56 St,6847.02,-73.981923,40.765265,165
Broadway & W 41 St,6560.01,-73.98658,40.755136,113
Southern Blvd & E 172 St,8129.02,-73.88955,40.834124,158
Academy St & Nagle Ave,8579.05,-73.922661,40.862562,196
Cathedral Pkwy & Broadway,7680.03,-73.966991,40.804213,181
1 Ave & E 16 St,5779.08,-73.981656,40.732219,169
Duane St & Greenwich St,5400.08,-74.010455,40.717488,64
W 43 St & 10 Ave,6756.01,-73.994618,40.760094,97
Grand Army Plaza & Plaza St West,4010.15,-73.97088,40.672968,163
FDR Drive & E 35 St,6230.04,-73.971212,40.744219,164
Adams St & Prospect St,4821.10,-73.988698,40.700763,50
W 70 St & Amsterdam Ave,7207.08,-73.982886,40.77748,125
14 St & 7 Ave,3731.11,-73.983968,40.663779,99
Little West St & 1 Pl,5001.08,-74.016777,40.705693,192
Willis Ave & E 141 St,7759.08,-73.921606,40.81093,182
W 190 St & Broadway,8474.02,-73.93297,40.856487,59
W 225 St & Exterior St,8711.02,-73.906646,40.873265,174
Prospect Park SW & Greenwood Ave,3385.06,-73.972573,40.652563,149
Loring Pl North & W 183 St,8555.05,-73.909336,40.860424,160
E 106 St & Lexington Ave,7504.18,-73.945993,40.791976,190
Wards Meadow Comfort Station,7327.01,-73.93077,40.78294,102
18 St & 27 Ave,7062.07,-73.927436,40.772768,39
E 89 St & 3 Ave,7265.10,-73.952167,40.780628,0
Pierrepont St & Monroe Pl,4718.08,-73.99344,40.695357,80
Central Park S & 6 Ave,6876.04,-73.976342,40.765909,66
E 32 St & Park Ave,6280.12,-73.981948,40.745712,5
21 St & 23 Ave,7210.07,-73.919046,40.778557,116
2 Ave & E 29 St,6122.09,-73.978093,40.741724,104
W 36 St & 7 Ave,6483.06,-73.989539,40.752149,60
Clay Ave & Claremont Pkwy,8225.05,-73.90549,40.83999,106
W 64 St & Thelonious Monk Circle,7123.04,-73.989187,40.77516,125
W 76 St & Columbus Ave,7281.09,-73.977285,40.780184,15
E 13 St & 2 Ave,5820.08,-73.985302,40.731539,78
Beaver St & Fayette St,4840.06,-73.93921,40.70099,103
E 39 St & 2 Ave,6345.08,-73.973828,40.748033,164
E 23 St & 1 Ave,5929.01,-73.978095,40.736502,104
Driggs Ave & N 9 St,5411.08,-73.955201,40.71817,191
Harman St & Seneca Ave,5002.09,-73.91292,40.70577,37
E 6 St & Avenue D,5506.14,-73.976687,40.722281,23
30 St & 4 Ave,3564.04,-74.001141,40.657743,120
10 St & 2 Ave,3922.02,-73.993612,40.671907,21
Manhattan Av & Leonard St,5442.09,-73.94844,40.72084,52
W Broadway & Spring St,5569.06,-74.001659,40.724947,20
Willoughby Ave & Walworth St,4634.02,-73.95382,40.693317,140
E 106 St & Madison Ave,7528.31,-73.94945,40.793434,172
Cliff St & Fulton St,5065.14,-74.00495,40.70838,1
River Ave & E 153 St,8005.08,-73.92818,40.82441,124
2 Av & 37 St,3460.04,-74.009627,40.656326,183
E 174 St & Longfellow Ave,8144.09,-73.884308,40.836274,158
Evergreen Ave & Noll St,4873.08,-73.93318,40.70106,103
Broadway & E 21 St,6098.10,-73.989586,40.739888,119
E 97 St & 3 Ave,7365.08,-73.948603,40.78592,0
Columbus Ave & W 72 St,7175.05,-73.978985,40.777057,15
Underhill Ave & Pacific St,4231.04,-73.96468,40.680484,12
DeKalb Ave & S Portland Ave,4546.04,-73.974931,40.68981,130
3 Ave & E 71 St,6960.10,-73.961199,40.768737,101
Madison Ave & E 26 St,6131.12,-73.986713,40.742685,5
Fulton St & Irving Pl,4263.12,-73.959432,40.68186,184
Railroad Ave & Kay Ave,4990.01,-73.971001,40.705312,46
E 138 St & Cypress Ave,7669.10,-73.914718,40.805559,87
Concourse Village East & E 158 St,8000.02,-73.919379,40.823732,124
W 165 St & Fort Washington Ave,8226.05,-73.942939,40.84004,18
Caton Ave & E 7 St,3199.01,-73.973663,40.647718,149
6 Ave & 60 St,2912.08,-74.013821,40.638196,53
5 Ave & W 131 St,7735.05,-73.93973,40.81014,134
Riverside Dr & W 104 St,7623.13,-73.971146,40.801343,181
Onderdonk Ave & Gates Ave,4994.10,-73.90737,40.70413,37
Adam Clayton Powell Blvd & W 151 St,8009.05,-73.936232,40.825289,170
Courtlandt Ave & E 157 St,7979.01,-73.916792,40.822267,49
1 Pl & Clinton St,4193.14,-73.999057,40.680959,112
Bergen St & Flatbush Ave,4281.08,-73.975673,40.680945,100
Broadway & W 155 St,8123.02,-73.94592,40.83299,107
W 133 St & 12 Ave,7925.04,-73.959089,40.820003,150
Broadway & W 192 St,8511.08,-73.932173,40.857994,59
9 Ave & W 18 St,6190.08,-74.003664,40.743174,25
W 204 St & Vermilyea Ave,8632.07,-73.922648,40.866141,19
Riverside Dr & W 82 St,7388.10,-73.981281,40.787209,131
Dyckman St & 10 Ave,8507.02,-73.923094,40.858904,196
Clinton St & Centre St,4045.01,-74.001947,40.67434,135
W 42 St & 6 Ave,6517.08,-73.98455,40.75492,68
4 Ave & E 12 St,5788.15,-73.99011,40.732647,78
Walnut Ave & E 136 St,7639.06,-73.909513,40.801657,197
W 15 St & 7 Ave,6030.06,-73.999318,40.739355,62
Macombs Rd & W 175 St,8344.04,-73.916082,40.848177,61
E 58 St & 1 Ave (NW Corner),6723.10,-73.962658,40.759125,40
28 St & 41 Ave,6462.19,-73.93797,40.751047,14
48 St & 37 Ave,6435.02,-73.915026,40.751555,35
E 110 St & Madison Ave,7587.14,-73.947821,40.796154,190
Clinton Ave & Flushing Ave,4762.04,-73.969868,40.69794,46
Morgan Ave & Maspeth Ave,5354.01,-73.93637,40.716657,82
Wyckoff Av & Jefferson St,5051.01,-73.923711,40.707165,16
Clinton St & Tillary St,4748.07,-73.991421,40.696233,155
E 47 St & 1 Ave,6498.09,-73.967844,40.752069,164
Forsyth St & Canal St,5270.07,-73.994224,40.715815,94
34 St & 4 Ave,3492.04,-74.003101,40.655278,120
E 25 St & 2 Ave,6046.02,-73.979738,40.739126,104
Plaza St East & Flatbush Ave,4010.01,-73.969106,40.673134,163
Brook Ave & E 148 St,7816.14,-73.915368,40.814383,141
S 4 St & Wythe Ave,5204.05,-73.965903,40.712859,147
Sands St Gate,4812.04,-73.979827,40.699569,186
Union St & 4 Ave,4175.15,-73.98282,40.677274,100
Wilson Ave & Troutman St,4864.09,-73.92754,40.70166,198
Clermont Ave & Park Ave,4692.01,-73.971297,40.695734,46
W 54 St & 11 Ave,6955.05,-73.992573,40.768333,28
Prospect Park SW & 10 Ave,3611.02,-73.977504,40.659945,4
Queens Plaza North & Crescent St,6429.01,-73.940737,40.751102,73
Humboldt St & Varet St,4956.02,-73.940636,40.703172,103
Grand Concourse & East Mount Eden Ave,8265.09,-73.91172,40.84301,2
W 27 St & 7 Ave,6247.06,-73.993915,40.746647,60
E 56 St & Madison Ave,6732.01,-73.972628,40.761573,66
Yankee Ferry Terminal,4440.02,-74.016756,40.687066,136
14 St & 5 Ave,3771.06,-73.988951,40.666287,21
W 190 St & St. Nicholas Ave,8453.14,-73.929513,40.854788,152
Paul Ave & Mosholu Pkwy,8811.01,-73.886065,40.880294,126
Jerome Ave & W 193 St,8619.02,-73.89794,40.86659,161
Knickerbocker Ave & Hancock St,4663.02,-73.90974,40.69385,132
Morris Ave & E 142 St,7821.01,-73.924963,40.814469,57
Douglass St & 3 Ave,4217.02,-73.984327,40.680213,185
44 St & 3 Ave,3315.05,-74.011405,40.651173,9
Steinway St & 21 Ave,7137.04,-73.903787,40.774798,86
41 St & 3 Ave,3388.02,-74.008906,40.652512,183
Amsterdam Ave & W 189 St,8432.04,-73.927094,40.853142,152
Amsterdam Ave & W 183 St,8353.09,-73.93022,40.84925,152
3 Ave & 17 St,3779.02,-73.995549,40.666168,21
E 59 St & Madison Ave,6801.01,-73.971092,40.763505,66
Norfolk St & Broome St,5374.01,-73.988021,40.717227,69
Central Park W & W 91 St,7453.01,-73.966801,40.788665,89
Marion Ave & Mosholu Pkwy,8699.01,-73.881876,40.870496,11
Cedar St & Evergreen Ave,4721.01,-73.92807,40.69671,198
8 Ave & W 16 St,6072.11,-74.001702,40.740983,62
Columbia Heights & Cranberry St,4829.01,-73.995481,40.700379,151
E 133 St & Cypress Pl,7642.04,-73.9174,40.80262,87
Nagle Ave & Thayer St,8563.06,-73.925591,40.861382,196
3 Ave & E 169 St,8103.05,-73.905158,40.832678,51
Paul Ave & W 205 St,8782.01,-73.88943,40.87704,75
Boston Rd & E 167 St,8048.04,-73.903719,40.828199,51
Riverside Dr & W 153 St,8108.02,-73.949702,40.832164,107
34 St & 35 Ave,6605.08,-73.926223,40.756933,81
E 170 St & Sheridan Ave,8194.07,-73.912604,40.838315,167
Grand Concourse & E 197 St,8667.01,-73.89148,40.86945,75
E 155 St & Courtlandt Ave,7940.02,-73.917579,40.82057,141
Broadway & W 165 St,8191.01,-73.941409,40.839137,18
Pitt St & Stanton St,5406.04,-73.98178,40.719261,23
St James Pl & Oliver St,5238.05,-73.998512,40.713079,166
3 Ave & E 112 St,7543.15,-73.941606,40.795508,190
48 St & 5 Ave,3202.06,-74.009271,40.646351,188
Frost St & Meeker Ave,5371.07,-73.9488,40.717662,52
Fulton St & Utica Ave,4228.02,-73.929891,40.679427,110
Prospect Ave & Jennings St,8099.04,-73.896853,40.831762,139
Ogden Ave & Merriam Ave,8218.04,-73.925961,40.839142,122
E 169 St & Webster Ave,8122.04,-73.908863,40.834015,167
Franklin St & W Broadway,5430.08,-74.006667,40.719116,176
24 St & 41 Ave,6505.09,-73.939991,40.752474,133
3 Ave & Schermerhorn St,4437.01,-73.979677,40.686832,129
Washington St & Barrow St,5847.08,-74.008769,40.731911,162
DeKalb Ave & Hudson Ave,4513.06,-73.981013,40.689888,17
37 Ave & 35 St,6529.02,-73.927992,40.753111,14
Leonard St & Boerum St,5036.06,-73.946446,40.705833,3
E 82 St & East End Ave,7049.04,-73.946821,40.772461,123
Dyckman St & Henshaw St,8636.04,-73.92936,40.867357,138
W 171 St & St. Nicholas Ave,8262.07,-73.938631,40.842941,96
Menahan St & Onderdonk Ave,5034.03,-73.9096,40.70553,37
6 St & 7 Ave,3834.10,-73.979881,40.668663,63
Bus Slip & State St,4889.06,-74.013942,40.701907,90
Pulaski St & Marcus Garvey Blvd,4656.03,-73.939877,40.693398,43
E 47 St & Park Ave,6584.12,-73.974987,40.755103,143
Southern Blvd & E 142 St,7719.13,-73.908098,40.807347,10
Irving Ave & DeKalb Ave,4898.02,-73.92095,40.7027,117
E 51 St & Lexington Ave,6659.01,-73.972078,40.757148,143
Nostrand Ave & Myrtle Ave,4707.04,-73.952381,40.69527,140
E 50 St & Park Ave,6659.10,-73.974235,40.757334,143
Broadway & Battery Pl,4962.01,-74.013617,40.704633,90
E 76 St & Park Ave,7128.08,-73.962221,40.773763,105
Broadway & W 133 St,7903.02,-73.956156,40.819034,150
20 Ave & 42 St,7163.07,-73.900063,40.775415,86
5 Ave & 37 St,3379.03,-74.002356,40.652657,120
30 Ave & 47 St,6774.13,-73.909562,40.761294,67
Milton St & Franklin St,5752.07,-73.95779,40.72906,44
E 11 St & 1 Ave,5746.14,-73.984267,40.729538,78
LaGuardia Pl & W 3 St,5721.14,-73.998102,40.72917,171
Frederick Douglass Blvd & W 129 St,7795.09,-73.949229,40.812551,159
Amsterdam Ave & W 82 St,7360.10,-73.976673,40.785247,58
E 31 St & 3 Ave,6239.08,-73.979661,40.743943,5
E 67 St & Park Ave,6932.14,-73.965921,40.767801,101
N 6 St & Bedford Ave,5379.10,-73.958509,40.717452,128
5 Ave & E 103 St,7511.19,-73.952499,40.792255,172
Underhill Ave & Lincoln Pl,4042.08,-73.967146,40.674012,163
W 87 St & West End Ave,7484.05,-73.97757,40.789622,58
Crescent St & Broadway,6827.11,-73.928647,40.763359,179
Madison Ave & E 120 St,7667.04,-73.942954,40.80295,118
Carlton Ave & Dean St,4199.12,-73.97101,40.680974,12
Monroe St & Classon Ave,4336.01,-73.958811,40.684568,184
E 66 St & Madison Ave,6969.08,-73.968453,40.768009,101
44 Dr & 21 St,6278.04,-73.946093,40.748,73
Edgecombe Ave & W 141 St,7915.11,-73.945144,40.820681,8
Bailey Ave & W 193 St,8676.01,-73.90678,40.87069,174
4 Ave & 9 St,3955.05,-73.988766,40.670513,21
St. Nicholas Ave & W 155 St,8085.05,-73.941323,40.830663,170
Pinehurst Ave & W 187 St,8458.03,-73.937878,40.855331,59
63 St & 5 Ave,2872.02,-74.01782,40.63766,53
Grand Ave & W Fordham Rd,8571.02,-73.90316,40.86288,92
W 155 St & Frederick Douglass Blvd,8065.13,-73.936996,40.82923,170
Columbia St & Degraw St,4422.04,-74.002424,40.68593,33
E 53 St & Madison Ave,6659.03,-73.974023,40.759711,143
Lenox Ave & W 130 St,7753.13,-73.943068,40.810792,159
Lincoln Ave & E 138 St,7744.06,-73.927311,40.810893,182
Pier 40 - Hudson River Park,5696.03,-74.011296,40.727714,74
Van Brunt St & Van Dyke St,4095.10,-74.014726,40.675833,48
8 Ave & W 52 St,6816.07,-73.985162,40.763707,168
Amsterdam Ave & W 125 St,7800.03,-73.956461,40.813358,93
Walton Ave & E 183 St,8514.05,-73.90266,40.858472,92
Central Park W & W 103 St,7577.27,-73.961884,40.79559,175
W 106 St & Central Park West,7606.01,-73.960591,40.798186,175
University Pl & E 14 St,5905.14,-73.992085,40.734814,119
Broadway & W 131 St,7865.09,-73.957163,40.817555,150
Lafayette St & E 8 St,5788.13,-73.991026,40.730207,71
Broadway & Roebling St,5125.07,-73.960631,40.709248,147
E 118 St & 1 Ave,7596.10,-73.93504,40.79747,36
46 St & 6 Ave,3161.02,-74.005708,40.645921,77
E 14 St & Avenue B,5736.09,-73.977724,40.729387,169
Berkeley Pl & 6 Ave,4134.06,-73.978469,40.67653,100
Union St & Bedford Ave,3879.04,-73.955416,40.669178,41
Tiebout Ave & E Fordham Road,8546.06,-73.894831,40.861915,32
Morningside Dr & Amsterdam Ave,7741.04,-73.957365,40.810285,93
Metropolitan Ave & Stewart Ave,5273.01,-73.92793,40.71401,16
E 9 St & Avenue C,5616.01,-73.977688,40.725213,23
St. Nicholas Ave & W 126 St,7756.10,-73.951878,40.811432,93
W 20 St & 8 Ave,6224.05,-74.00004,40.743453,62
Broadway & W 160 St,8157.06,-73.9434,40.835775,18
8 Ave & W 33 St,6450.12,-73.993934,40.751551,60
Steinway St & 28 Ave,6915.02,-73.913669,40.765625,145
Metropolitan Ave & Meeker Ave,5300.05,-73.952344,40.714133,65
S 5 Pl & S 5 St,5125.03,-73.960876,40.710451,147
University Ave & Macombs Rd,8344.09,-73.916121,40.84964,61
Stagg St & Union Ave,5117.05,-73.950953,40.708771,3
42 Pl & Northern Blvd,6520.07,-73.920603,40.753091,81
Grant Ave & E 169 St,8141.01,-73.913741,40.83579,167
Ft. Washington Ave & W 190 St,8496.01,-73.935662,40.856906,59
Willoughby Ave & Myrtle Ave,4759.02,-73.93098,40.69757,43
Broadway & W 220 St,8715.01,-73.912807,40.872412,108
Bank St & Hudson St,5922.08,-74.00618,40.736529,162
Amsterdam Ave & W 186 St,8394.15,-73.928808,40.851113,152
Steinway St & 23 Ave,7009.02,-73.907744,40.771394,86
Broadway & Hancock St,4441.06,-73.9168,40.68663,154
E 170 St & Webster Ave,8156.03,-73.907301,40.836179,167
Brook Ave & E 138 St,7707.08,-73.91924,40.807408,87
Flatbush Ave & Ocean Ave,3704.04,-73.963014,40.663657,41
E 149 St & Park Ave,7884.04,-73.925294,40.818154,57
Harrison Pl & Porter Ave,5090.06,-73.92851,40.70686,16
Bailey Ave & Sedgwick Ave,8643.01,-73.90857,40.86571,174
E 169 St & Fox St,8024.05,-73.893721,40.827184,139
E 163 St & Tiffany St,7927.08,-73.895069,40.821075,34
29 St & 5 Ave,3523.06,-73.998194,40.656986,79
Degraw St & Hoyt St,4258.07,-73.99079,40.68199,142
7 St & 3 Ave,3996.01,-73.98983,40.672603,72
39 St & 2 Ave,3501.01,-74.010628,40.6554,183
Hunts Point Ave & Bryant Ave,7820.05,-73.8855,40.813991,109
31 St & Thomson Ave,6227.02,-73.935404,40.744697,127
University Ave & W Burnside Ave,8462.09,-73.910751,40.85501,160
8 Ave & W 49 St,6747.07,-73.986551,40.761712,168
Knickerbocker Ave & George St,4979.07,-73.92836,40.704425,198
48 Ave & 5 St,6212.04,-73.955873,40.744363,22
W 20 St & 7 Ave,6182.02,-73.997262,40.742388,62
Lenox Ave & W 126 St,7720.03,-73.945209,40.808442,159
Adam Clayton Powell Blvd & W 126 St,7738.04,-73.947765,40.809495,159
Nassau St\t& Duffield St,4781.05,-73.98384,40.698477,186
W 84 St & Columbus Ave,7382.04,-73.972834,40.785,58
Grand St & Elizabeth St,5382.06,-73.99596,40.718822,94
E 5 St & Avenue C,5545.04,-73.979955,40.722992,23
Central Park West & W 76 St,7253.04,-73.973747,40.778968,15
W 42 St & Dyer Ave,6644.07,-73.9938,40.758985,97
Greenwich St & Hubert St,5470.10,-74.010065,40.721319,176
Convent Ave & W 135 St,7860.08,-73.950988,40.818215,8
Edgecombe Ave & W 150 St,8049.05,-73.941427,40.826881,170
Meserole Ave & Manhattan Ave,5666.04,-73.952991,40.727086,44
Concord St & Bridge St,4781.03,-73.984764,40.697666,186
E 63 St & 3 Ave,6830.02,-73.9646,40.763954,101
Broadway & W 58 St,6948.10,-73.981693,40.766953,165
Greene Ave & Nostrand Ave,4519.02,-73.950916,40.688334,140
Gansevoort St & Hudson St,6072.14,-74.00507,40.739448,25
W 116 St & Amsterdam Ave,7692.11,-73.960708,40.806758,27
Kent St & McGuinness Blvd,5785.10,-73.95161,40.73124,44
1 Ave & E 39 St,6303.01,-73.97113,40.74714,164
Riverside Dr & W 72 St,7288.04,-73.985624,40.780578,131
5 Ave & E 78 St,7161.08,-73.964274,40.776321,105
6 Ave & Canal St,5500.07,-74.005664,40.722438,176
India St Pier,5794.05,-73.961239,40.731735,44
Jerome Ave & Anderson Ave,8061.01,-73.928747,40.830179,30
Kent Ave & N 7 St,5489.03,-73.961651,40.720368,128
N 11 St & Kent Ave,5489.04,-73.959219,40.722482,128
Bedford Ave & S 9 St,5093.01,-73.96409,40.708531,147
Bedford Ave & Nassau Ave,5550.05,-73.952123,40.723117,191
E 138 St & 5 Av,7809.13,-73.936153,40.81449,76
Eastern Pkwy & Washington Ave,3928.08,-73.963115,40.671649,98
Central Ave & Starr Street,4792.03,-73.92834,40.700003,198
20 Ave & 38 St,7196.04,-73.902382,40.777112,86
Stuyvesant Walk & 1 Av Loop,5854.10,-73.978984,40.73234,169
Ditmars Blvd & 43 St,7039.03,-73.903865,40.771203,86
Sheridan Ave & E 168 St,8160.03,-73.9154,40.835334,85
23 Ave & 27 St,7178.02,-73.915318,40.776165,6
Greenwood Ave & E 4 St,3353.04,-73.977739,40.650739,70
Greenwich Ave & Charles St,5914.08,-74.000271,40.735238,194
W 107 St & Columbus Ave,7619.05,-73.962113,40.799757,175
Putnam Ave & Throop Ave,4392.04,-73.94111,40.685153,31
Monroe St & Bedford Ave,4368.05,-73.953809,40.685144,184
Broadway & W 38 St,6560.15,-73.987349,40.752973,113
42 St & 1 Ave,3428.02,-74.014372,40.654798,9
44 St & 6 Ave,3233.06,-74.004483,40.647105,77
Market St & Henry St,5270.09,-73.994464,40.713107,166
Motorgate,6814.01,-73.947721,40.763909,153
Grand St & Samuel Dickstein Plaza,5335.07,-73.984171,40.715119,69
W 35 St & 9 Ave,6569.09,-73.996089,40.754145,177
10 St & 5 Ave,3842.08,-73.987001,40.668627,99
W 4 St & 7 Ave S,5880.02,-74.002939,40.734011,162
E 40 St & 5 Ave,6474.11,-73.981632,40.752062,111
Bronx Shore Comfort Station,7618.01,-73.92404,40.80046,146
Metropolitan Ave & Bedford Ave,5308.04,-73.960241,40.715348,128
Adelphi St & Myrtle Ave,4620.02,-73.971789,40.693083,180
E 53 St & Lexington Ave,6617.09,-73.970694,40.758281,143
Dean St & Franklin Ave,4107.13,-73.955637,40.677592,98
Fulton St & Pearl St,5024.09,-74.004386,40.707722,1
Fulton St & William St,5137.11,-74.006551,40.709601,1
Freeman St & Reverend James A Polite Ave,8080.01,-73.894717,40.830529,139
E 51 St & 1 Ave,6532.06,-73.96593,40.754557,40
Jay St & Tech Pl,4710.06,-73.987167,40.695065,155
Leonard St & Nassau Ave,5550.09,-73.949844,40.723957,191
E 58 St & 3 Ave,6762.02,-73.967245,40.760958,40
Riverside Dr & W 148 St,8054.04,-73.950426,40.829114,107
Onderdonk Ave & Dekalb Ave,5115.01,-73.91497,40.70863,189
Pike St & Monroe St,5159.04,-73.99193,40.711731,166
3 Ave & E 72 St,7028.04,-73.960607,40.769943,101
St Ann's Ave & Westchester Ave,7835.10,-73.911918,40.815887,141
Walton Ave & E 153 St,7945.07,-73.926907,40.822351,124
Schermerhorn St & Court St,4565.04,-73.991834,40.691029,155
Broadway & W 185 St,8416.07,-73.93441,40.852538,152
6 Ave & 9 St,3803.09,-73.983776,40.668127,99
Pleasant Ave & E 120 St,7579.01,-73.931185,40.797477,36
Amsterdam Ave & W 152 St,8069.01,-73.944279,40.829523,107
Buchanan Pl & Grand Ave,8535.01,-73.90626,40.85834,160
Pacific St & Classon Ave,4148.07,-73.95879,40.679194,98
Stewart Ave & Johnson Ave,5123.07,-73.92587,40.70869,16
Huron St & Franklin St,5869.04,-73.95826,40.73266,44
Roebling St & N 4 St,5267.09,-73.95739,40.71469,65
Frost St & Debevoise Ave,5433.04,-73.93948,40.71882,82
31 Ave & 30 St,6857.09,-73.924031,40.7647,179
Devoe St & Morgan Ave,5282.02,-73.93515,40.713811,82
Smith St & 9 St,4077.04,-73.997858,40.674696,135
20 Ave & 48 St,7066.01,-73.896849,40.772899,195
Broadway & Ellwood St,8547.04,-73.929719,40.862058,196
Hope St & Union Ave,5187.03,-73.951413,40.711674,3
E 3 St & Church Ave,3046.03,-73.977433,40.643817,70
Clinton Ave & Myrtle Ave,4651.02,-73.968896,40.693261,180
3 Ave & E 170 St,8137.06,-73.903743,40.834857,51
Irving Ave & Halsey St,4695.04,-73.90663,40.69467,132
Linden St & Knickerbocker Ave,4743.04,-73.91566,40.69714,117
Prospect Park West & 8 St,3722.04,-73.976376,40.665147,63
W 120 St & Claremont Ave,7745.07,-73.9634,40.810949,27
Lenox Ave & W 144 St,7910.01,-73.936521,40.819783,76
3 Ave & E 100 St,7414.17,-73.947283,40.787721,0
Longfellow Ave & E 165 St,7983.04,-73.887729,40.825322,24
W Burnside Ave & University Ave,8425.01,-73.912498,40.853686,160
Walton Ave & E 171 St,8249.10,-73.915073,40.840683,2
Washington Ave & E 167 St,8068.01,-73.907618,40.829896,51
Frederick Douglass Blvd & W 117 St,7688.12,-73.954692,40.805159,148
E 161 St & Park Ave,7979.17,-73.916407,40.824811,49
West End Ave & W 107 St,7650.05,-73.968181,40.802117,181
45 St & 4 Ave,3275.03,-74.009486,40.649145,9
W 92 St & Broadway,7502.01,-73.9739,40.7921,58
64 St & 3 Ave,2971.02,-74.02324,40.639978,95
W 113 St & Broadway,7713.01,-73.964928,40.805973,27
Withers St & Kingsland Ave,5362.08,-73.94051,40.71773,82
Grand Concourse & E 156 St,7984.04,-73.924689,40.823429,124
Jefferson Ave & Evergreen Ave,4517.03,-73.91458,40.68989,154
Montague St & Clinton St,4677.06,-73.992327,40.694271,155
McKibbin St & Bogart St,5059.02,-73.933871,40.706237,103
36 St & 3 Ave,3460.02,-74.006664,40.655716,183
31 St & Broadway,6789.04,-73.925921,40.761584,179
Rockaway Ave & Bainbridge St,4285.09,-73.911666,40.6832,7
2 Ave & E 99 St,7386.10,-73.945526,40.786259,0
Ogden Ave & W 164 St,8115.01,-73.929372,40.832812,30
Dawson St & Intervale Ave,7888.10,-73.897263,40.819999,34
34 St & 5 Ave,3451.01,-74.001131,40.654098,120
W 212 St & 10 Ave,8647.07,-73.916757,40.867658,19
Ditmars Blvd & 48 St,6935.01,-73.901001,40.769219,195
55 St & 7 Ave,2951.05,-74.008957,40.639673,188
Isham St & Broadway,8665.09,-73.919685,40.86788,19
Madison St & Clinton St,5190.07,-73.987763,40.71269,69
Steinway St & Broadway,6711.13,-73.918975,40.759058,81
Bridge St & York St,4853.06,-73.984712,40.701334,50
31 Ave & 57 St,6621.06,-73.904726,40.757357,121
E 165 St & Clay Ave,8052.02,-73.91288,40.82809,85
Morris Ave & E 184 St,8550.04,-73.90079,40.86008,92
St Marks Pl & 4 Ave,4249.10,-73.97989,40.681778,100
Frederick Douglass Blvd & W 145 St,7954.12,-73.941928,40.823061,76
W 13 St & 7 Ave,6030.04,-73.999947,40.737815,62
Steinway St & Ditmars Blvd,7074.01,-73.906127,40.772717,86
Amsterdam Ave & W 119 St,7727.08,-73.959586,40.808632,27
W 110 St & Amsterdam Ave,7646.04,-73.96295,40.802692,27
E 171 St & Webster Ave,8190.03,-73.905838,40.838379,167
34 Ave & 13 St,6836.07,-73.936485,40.763875,56
Grand Concourse & E 203 St,8734.04,-73.88661,40.87382,75
Southern Blvd & E 174 St,8163.05,-73.887931,40.836733,158
E 33 St & 1 Ave,6197.08,-73.974498,40.743227,104
3 Ave & Franklin Ave,8012.04,-73.907451,40.82696,51
Van Sinderen Ave & Truxton St,4161.01,-73.90369,40.6786,7
Grand Concourse & E 175 St,8303.06,-73.909232,40.846221,2
E 174 St & Walton Ave,8285.09,-73.912042,40.844811,2
Bergen St & Smith St,4446.01,-73.990632,40.686744,142
21 St & 38 Ave,6656.05,-73.939122,40.757631,133
E 78 St & 2 Ave,7057.07,-73.955778,40.772797,178
President St & 4 Ave,4101.17,-73.983262,40.676757,72
Freeman St & Southern Blvd,8060.01,-73.892103,40.830051,139
27 Ave & 9 St,7098.05,-73.930913,40.773983,39
Grand Concourse & E 164 St,8057.02,-73.921461,40.829608,30
McDonald Ave & Vanderbilt St,3394.03,-73.981231,40.651654,70
Water St & Gouverneur Ln,4993.15,-74.008034,40.704697,90
University Ave & W 168 St,8183.02,-73.927034,40.838706,122
W 147 St & Adam Clayton Powell Blvd,7971.07,-73.937413,40.82281,76
Ft. Hamilton Pkwy & E 5 St,3240.15,-73.97673,40.649037,70
Ocean Pkwy & Church Ave,3125.09,-73.974515,40.644719,70
Bainbridge Ave & E 198 St,8649.03,-73.888456,40.868487,187
Morningside Ave & W 123 St,7741.01,-73.955151,40.81,93
Astoria Park S & Shore Blvd,7159.08,-73.927631,40.7767,39
Nagle Ave & Ellwood St,8528.05,-73.928489,40.86012,196
University Ave & Brandt Pl,8366.07,-73.918389,40.848354,61
E 167 St & Clay Ave,8088.01,-73.91125,40.83094,85
Melrose Ave & E 154 St,7918.12,-73.916071,40.819609,141
Lexington Ave & E 24 St,6089.07,-73.984092,40.740259,5
E 2 St & Avenue C,5476.03,-73.980858,40.720874,23
Anthony Ave & E Tremont Ave,8356.04,-73.903178,40.848793,84
Andrews Ave S & W 179 St,8483.02,-73.91278,40.855156,160
Audubon Ave & W 192 St,8469.01,-73.927128,40.85564,152
Carroll St & Columbia St,4348.07,-74.003486,40.683046,33
Bradhurst Ave & W 148 St,7992.04,-73.941616,40.825125,170
20 Ave & 21 St,7363.04,-73.912297,40.784003,116
31 Ave & 14 St,6966.04,-73.932266,40.7682,56
4 Ave & Shore Road Dr,2832.03,-74.022141,40.637033,95
5 Av & W 139 St,7851.04,-73.935856,40.815484,76
Sullivan Pl & Bedford Ave,3736.04,-73.957469,40.664241,41
Jerome Ave & W 195 St,8653.09,-73.89657,40.86874,161
Columbia St & Lorraine St,4013.08,-74.007557,40.674706,48
Jerome Ave & E 198 St,8720.02,-73.892896,40.871445,75
W 140 St & Riverside Dr,7981.27,-73.954743,40.824013,150
Caton Ave & Argyle Rd,3303.01,-73.967829,40.649681,149
Hamilton Pl & W 140 St,7959.18,-73.951346,40.822756,8
Andrew Ave N & Hall of Fame Tce,8520.01,-73.91008,40.85834,160
21 Ave & Shore Blvd,7342.01,-73.916894,40.783956,116
Sherman Ave & E 166 St,8072.06,-73.917448,40.831305,85
9 Ave & W 219 St,8696.05,-73.911503,40.871094,108
W 82 St & Central Park West,7304.08,-73.97137,40.78275,15
E 2 St & Avenue A,5553.10,-73.985836,40.723077,144
E 20 St & 2 Ave,5971.08,-73.98205,40.735877,169
31 Ave & Crescent St,6893.10,-73.926547,40.765835,179
Bushwick Ave & McKibbin St,5027.02,-73.93936,40.705517,103
Clinton St\t& Cherry St,5190.09,-73.986726,40.711471,69
Hudson St & Reade St,5359.10,-74.009106,40.71625,64
E 39 St & Lexington Ave,6389.09,-73.977292,40.749499,111
Harrison St & Hudson St,5400.05,-74.009001,40.71871,176
Jefferson St & Cypress Ave,5082.08,-73.92157,40.70907,16
2 Ave & E 72 St,6925.09,-73.958408,40.768762,29
W 63 St & Broadway,7052.01,-73.982614,40.771639,125
Home St & Westchester Ave,8020.01,-73.886659,40.827629,24
6 Ave & W 33 St,6364.07,-73.988484,40.749013,60
W 25 St & 6 Ave,6215.04,-73.991449,40.743954,60
Amsterdam Ave & W 79 St,7311.02,-73.978652,40.782939,131
E 91 St & 2 Ave,7286.01,-73.94963,40.781153,0
Emerson Pl & Myrtle Ave,4683.02,-73.962236,40.693631,114
Washington Pl & Broadway,5755.01,-73.994046,40.729039,71
Washington Pl & 6 Ave,5838.09,-74.000264,40.732241,194
E 6 St & Avenue B,5584.04,-73.981854,40.724537,23
W 46 St & 11 Ave,6795.01,-73.996674,40.763414,97
Clinton St & Grand St,5303.06,-73.98703,40.715595,69
Putnam Ave & Knickerbocker Ave,4663.06,-73.91164,40.69545,132
Old Slip & South St,4993.13,-74.007868,40.703367,90
Sherman Ave & Thayer St,8583.02,-73.926994,40.863124,196
W Tremont Ave & Montgomery Ave,8407.03,-73.916418,40.851788,61
Lewis Ave & Decatur St,4237.01,-73.934903,40.68146,110
Featherbed Ln & Nelson Ave,8327.15,-73.919637,40.846011,61
6 Ave & Broome St,5610.09,-74.00473,40.72431,20
Grove St & Broadway,4526.01,-73.923511,40.69047,83
Bushwick Ave & Harman St,4640.01,-73.92524,40.69356,83
Crotona Park East & E 173 St,8182.02,-73.890413,40.837037,158
McKibbin St & Manhattan Ave,4996.08,-73.944073,40.705109,88
Lenox Ave & W 111 St,7602.05,-73.9523,40.798786,54
Folin St & E 181 St,8435.06,-73.898385,40.853929,32
10 Ave & W 207 St,8613.09,-73.918598,40.864632,19
Melrose Ave & E 150 St,7879.01,-73.917338,40.816827,141
Driggs Ave & N Henry St,5542.04,-73.94308,40.72325,52
58 St & 2 Ave - Brooklyn Army Terminal Vaccination Site,3138.09,-74.021506,40.644512,173
E 4 St & 2 Ave,5593.04,-73.98978,40.726281,144
W Tremont Ave & Grand Ave,8384.03,-73.912785,40.850036,61
E 150 St & Gerard Ave,7906.13,-73.928947,40.820089,124
Adam Clayton Powell Blvd & W 118 St,7670.09,-73.951475,40.804372,54
Lenox Ave & W 146 St,7910.10,-73.935971,40.821111,76
46 St & 28 Ave,6842.02,-73.908782,40.763328,67
5 Ave & E 135 St,7769.06,-73.937838,40.812191,134
Lincoln Pl & Classon Ave,3960.01,-73.9609,40.672168,98
9 Ave & W 45 St,6717.06,-73.991255,40.760193,113
Cooper Square & Astor Pl,5712.03,-73.990753,40.729515,71
Rogers Ave & Sterling St,3696.05,-73.953875,40.663062,41
Newton Rd & 44 St,6743.06,-73.914268,40.75957,35
Grand Concourse & E 166 St,8092.06,-73.91956,40.83196,85
E Mosholu Pkwy & Van Cortlandt Ave E,8778.01,-73.88366,40.87656,126
Cadman Plaza E & Red Cross Pl,4821.06,-73.989718,40.699918,50
State St & Smith St,4565.06,-73.989129,40.689269,155
Clinton St	& Cherry St,5190.09,-73.986726,40.711471,69
Carlton Ave & Park Ave,4732.04,-73.973556,40.695807,46
W 129 St & Convent Ave,7818.17,-73.953247,40.814394,93
48 Ave & 30 Pl,6076.01,-73.937259,40.741283,127
Bruckner Blvd & Bryant Ave,7944.11,-73.888546,40.821952,109
Adam Clayton Powell Blvd & W 130 St,7774.02,-73.946168,40.812346,159
Morris Ave & E 153 St,7901.04,-73.921411,40.820036,124
Bushwick Ave & Furman Ave,4317.05,-73.90623,40.68281,7
E Tremont Ave & Jerome Ave,8403.02,-73.908964,40.851747,160
Green St & McGuinness Blvd,5860.02,-73.95204,40.73396,44
20 Ave & Shore Blvd,7391.02,-73.915098,40.785994,116
W 34 St & 11 Ave,6578.01,-74.002116,40.755942,42
W 21 St & 6 Ave,6140.05,-73.994156,40.74174,119
Reade St & Broadway,5247.10,-74.005628,40.714505,1
E 33 St & 5 Ave,6322.01,-73.984907,40.747659,5
Allen St & Rivington St,5414.06,-73.989978,40.720196,144
7 Ave & 40 St,3266.01,-74.000057,40.648169,77
W 18 St & 6 Ave,6064.08,-73.994564,40.739713,119
E 2 St & 2 Ave,5593.02,-73.990697,40.725029,144
Hanson Pl & Ashland Pl,4395.07,-73.977908,40.685068,129
E 10 St & Avenue A,5659.05,-73.98142,40.727408,23
7 St & 5 Ave,3914.02,-73.985417,40.670492,99
Avenue D & E 3 St,5436.09,-73.977932,40.720828,23
White St & Moore St,4987.06,-73.9351,40.704508,103
Delancey St & Eldridge St,5414.07,-73.991479,40.719383,94
W 51 St & Rockefeller Plaza,6700.14,-73.978116,40.759738,68
Allen St & Hester St,5342.10,-73.991908,40.716059,94
Bayard St & Leonard St,5442.05,-73.948854,40.719156,52
W 56 St & 10 Ave,6955.01,-73.988639,40.768254,28
Bleecker St & Crosby St,5679.08,-73.995102,40.726156,71
W 15 St & 6 Ave,5989.02,-73.99643,40.738046,62
Watts St & Greenwich St,5578.02,-74.00966,40.724055,74
Edgecombe Ave & W 167 St,8187.04,-73.936085,40.838191,18
Audobon Ave & W 179 St,8316.02,-73.933291,40.847305,96
Pershing Square North,6432.09,-73.977706,40.751873,111
E 15 St & 3 Ave,5863.07,-73.986923,40.734232,78
Thompson St & Bleecker St,5721.07,-73.999688,40.728401,171
E 17 St & Broadway,5980.07,-73.990093,40.73705,119
Fulton St & Waverly Ave,4345.11,-73.965996,40.683239,12
4 Ave & 26 St,3596.04,-73.998633,40.660079,79
Albany St & Greenwich St,5145.02,-74.013247,40.709267,192
Amsterdam Ave & W 167 St,8206.17,-73.937044,40.839443,18
59 St & 5 Ave,2961.05,-74.015726,40.640125,53
Greenwich St & W Houston St,5730.08,-74.008591,40.728846,74
Creston Ave & E 181 St,8456.02,-73.90281,40.8549,92
Putnam Ave & Nostrand Ave,4327.09,-73.94977,40.68402,31
E 58 St & Madison Ave,6839.04,-73.972095,40.763026,66
Great Jones St,5636.11,-73.99379,40.727434,71
Butler St & Court St,4339.01,-73.994403,40.684989,142
5 Ave & E 72 St,7100.07,-73.966853,40.772828,101
Cherry St,5181.04,-73.979481,40.712199,69
Sunken Meadow Comfort Station,7571.01,-73.91906,40.79558,146
E 163 St & Union Ave,7970.05,-73.901824,40.822545,115
W 51 St & 6 Ave,6740.10,-73.98042,40.76066,68
Sterling St & Bedford Ave,3665.06,-73.956912,40.662706,41
W 20 St & 10 Ave,6306.01,-74.005141,40.745686,25
Grand St & Greene St,5500.02,-74.002381,40.7217,20
Lafayette St & Jersey St,5561.06,-73.995653,40.724561,71
E 20 St & FDR Drive,5886.02,-73.975739,40.733143,169
Broadway & E 14 St,5905.12,-73.990741,40.734546,119
Bushwick Ave & Powers St,5250.05,-73.941,40.712477,82
Suffolk St & Stanton St,5445.02,-73.98518,40.720664,144
6 Ave & 12 St,3803.05,-73.985462,40.666318,99
1 Ave & E 68 St,6822.09,-73.958185,40.765005,29
7 Ave & Central Park South,6912.01,-73.979069,40.766741,165
E 88 St & 1 Ave,7235.13,-73.948813,40.778301,123
Bushwick Ave & Forrest St,4914.03,-73.93641,40.70076,103
Forsyth St\t& Grand St,5382.07,-73.993161,40.717798,94
Broadway & Madison St,4483.10,-73.91966,40.68822,83
DeKalb Ave & Vanderbilt Ave,4461.04,-73.968855,40.689407,180
Washington Ave & Park Ave,4724.03,-73.96751,40.696102,180
Grand St & Havemeyer St,5267.08,-73.956981,40.712868,65
Marcy Ave & Lafayette Ave,4476.03,-73.947915,40.690081,140
St Johns Pl & Washington Ave,4001.09,-73.963161,40.673724,98
Boerum Pl\t& Pacific St,4488.09,-73.99116,40.688489,142
Stanton St & Mangin St,5326.06,-73.976289,40.717821,23
Graham Ave & Conselyea St,5291.05,-73.944507,40.715143,52
12 Ave & W 125 St,7886.02,-73.960405,40.818299,150
Cleveland Pl & Spring St,5492.05,-73.997249,40.722104,20
Pershing Square South,6432.08,-73.97791,40.751581,111
West St & Chambers St,5329.03,-74.013221,40.717548,64
E 54 St & 1 Ave,6608.09,-73.964179,40.756265,40
E 44 St & 2 Ave,6422.09,-73.971387,40.751184,164
Lispenard St & Broadway,5391.06,-74.002472,40.719392,20
2 Ave & 32 St,3532.02,-74.006584,40.659176,183
11 Ave & W 59 St,7059.01,-73.99046,40.771497,28
W 159 St & Edgecombe Ave,8119.05,-73.939326,40.833303,170
Madison St & Montgomery St,5262.09,-73.984844,40.713126,69
21 St & Hoyt Ave S,7126.01,-73.923706,40.774645,39
E 45 St & 3 Ave,6464.08,-73.972826,40.752554,164
W 37 St & 5 Ave,6398.06,-73.98339,40.75038,111
2 Ave & E 96 St,7338.02,-73.947167,40.783964,0
W 55 St & 6 Ave,6809.09,-73.978434,40.763189,165
59 St & 4 Ave,3011.03,-74.017651,40.641269,53
E 91 St & Park Ave,7344.05,-73.955327,40.783502,0
W 163 St & Riverside Dr,8210.01,-73.945446,40.839278,18
Union St & Nevins St,4143.03,-73.987655,40.679098,72
E 77 St & 3 Ave,7092.06,-73.958562,40.773142,178
Catherine St & Monroe St,5128.04,-73.996826,40.711174,166
Cumberland St & Lafayette Ave,4428.02,-73.972652,40.687534,130
Barrow St & Hudson St,5805.05,-74.006744,40.731724,162
Pike St & E Broadway,5270.05,-73.992939,40.714067,166
Fulton St & Adams St,4637.06,-73.989495,40.692418,155
Lafayette Ave & Classon Ave,4452.01,-73.960239,40.689004,114
DeKalb Ave & Franklin Ave,4528.01,-73.957462,40.690648,114
St James Pl & Pearl St,5167.06,-74.000165,40.711174,1
E 12 St & Ave C,5616.08,-73.976831,40.727243,23
21 St & 4 Ave,3668.04,-73.995554,40.662584,79
E Tremont Ave & E 176 St,8356.02,-73.901883,40.847798,84
E 149 St & Eagle Ave,7793.02,-73.91186,40.814046,10
W 35 St & Dyer Ave,6569.08,-73.997402,40.754692,42
Central Park West & W 68 St,7079.06,-73.977825,40.773407,15
Lexington Ave & E 26 St,6089.08,-73.983293,40.741459,5
Willoughby Ave & Wyckoff Ave,5010.02,-73.92153,40.705614,16
Murray St & Greenwich St,5288.12,-74.011223,40.714852,64
Dock 72 Way & Market St,4804.02,-73.97141,40.69985,46
W 13 St & 5 Ave,5947.04,-73.99431,40.735445,119
W 10 St & Washington St,5847.06,-74.008515,40.733424,162
E 89 St & York Ave,7204.08,-73.946041,40.777945,123
E 12 St & 3 Ave,5788.12,-73.9889,40.732233,78
Richardson St & N Henry St,5433.03,-73.942237,40.719079,52
Front St & Washington St,4936.01,-73.989402,40.702551,50
E 72 St & Park Ave,6998.08,-73.964094,40.771183,101
Avenue D & E 10 St,5575.13,-73.975158,40.725066,23
Madison Av & E 51 St,6659.09,-73.97513,40.75863,143
Henry St & Atlantic Ave,4531.05,-73.996123,40.690893,80
Driggs Ave & Lorimer St,5481.04,-73.950415,40.721791,191
St. Ann's Ave & E 144 St,7755.03,-73.914932,40.811112,10
Myrtle Ave & Grove St,4816.05,-73.91516,40.69905,117
Creston Ave & E 178 St,8379.07,-73.906469,40.850885,84
Hoe Ave & Jennings St,8095.06,-73.889686,40.832171,24
E 75 St & 3 Ave,6991.12,-73.957723,40.771129,29
1 Ave & E 30 St,6079.03,-73.975361,40.741444,104
Kosciuszko St & Tompkins Ave,4553.04,-73.945242,40.691283,140
E 51 St & 2 Ave,6575.03,-73.967641,40.755293,40
Central Ave & Himrod St,4713.01,-73.92302,40.69676,83
3 St & 7 Ave,3905.15,-73.978397,40.670384,63
E 41 St & Madison Ave,6474.12,-73.979922,40.752165,111
Steinway St & 19 Ave,7220.01,-73.899558,40.778089,86
South St & Whitehall St,4846.01,-74.012342,40.701221,90
Pearl St & Hanover Square,4993.02,-74.00926,40.704718,90
India St & Manhattan Ave,5826.02,-73.955086,40.732322,44
Madison Ave & E 82 St,7188.13,-73.960694,40.778131,105
4 Ave & 3 St,4028.04,-73.985649,40.673746,72
Congress St & Clinton St,4455.10,-73.995452,40.688255,142
Barclay St & Church St,5216.04,-74.010202,40.712912,64
Jerome Ave & W 177 St,8362.09,-73.910765,40.850121,61
E 9 St & 5 Ave,5872.10,-73.995817,40.732759,194
W 54 St & 9 Ave,6920.03,-73.986905,40.765849,168
Riverside Dr & W 78 St,7340.06,-73.983625,40.784145,131
Atlantic Ave & Fort Greene Pl,4354.07,-73.976323,40.683826,129
S 4 St & Rodney St,5156.05,-73.95608,40.70934,65
W 42 St & 8 Ave,6602.05,-73.990985,40.75757,113
West End Ave & W 94 St,7524.09,-73.974124,40.794165,58
1 Ave & E 94 St,7286.05,-73.94594,40.781721,0
Plaza St West & Flatbush Ave,4010.13,-73.971115,40.675021,163
57 St & 1 Ave - Brooklyn Army Terminal Vaccination Site,3178.02,-74.023087,40.646377,173
W 67 St & Broadway,7116.04,-73.982666,40.774925,125
S 3 St & Bedford Ave,5235.05,-73.962644,40.712605,147
Broadway & W 122 St,7783.18,-73.961255,40.812056,27
Davidson Ave & W Burnside Ave,8441.05,-73.908731,40.853646,160
E 47 St & 2 Ave,6498.10,-73.970325,40.753231,164
Park Pl & Franklin Ave,4033.06,-73.956495,40.674181,98
Montrose Ave & Bushwick Ave,5068.02,-73.940162,40.707678,103
Madison Ave & E 99 St,7443.01,-73.952429,40.789485,172
Marcus Garvey Blvd & Macon St,4278.03,-73.938037,40.682601,110
Grand Concourse & E 192 St,8601.04,-73.89522,40.86448,161
1 St & 6 Ave,3946.07,-73.979826,40.672784,63
Menahan St & Seneca Ave,4963.13,-73.91054,40.70461,37
Halsey St & Evergreen Ave,4474.01,-73.91227,40.68858,154
Park Ave & St Edwards St,4700.06,-73.978034,40.696089,186
W 89 St & Columbus Ave,7432.09,-73.970416,40.788221,89
Liberty St & Nassau St,5105.09,-74.009355,40.708589,90
E 11 St & 3 Ave,5788.16,-73.98849,40.73127,78
W 30 St & 10 Ave,6459.07,-74.002353,40.752694,42
Vesey St & Church St,5216.06,-74.010472,40.71222,64
Hudson St & W 13 St,6115.06,-74.005274,40.740057,25
E 27 St & 1 Ave,6004.06,-73.976806,40.739445,104
Irving Ave & Palmetto St,4775.01,-73.9127,40.698,132
Myrtle Ave & St Edwards St,4659.02,-73.977039,40.69327,130
Parade Pl & Crooke Ave,3376.02,-73.965248,40.651847,149
Bushwick Ave & Linden St,4600.09,-73.92146,40.69146,83
Irving Ave & Harman St,4856.05,-73.9179,40.70108,117
Vesey Pl & River Terrace,5297.02,-74.016584,40.715338,64
Centre St & Seneca Ave,4837.03,-73.9022,40.69969,157
Laight St & Hudson St,5539.06,-74.007718,40.721854,176
Ft. Hamilton Pkwy & E 2 St,3280.04,-73.979342,40.648005,70
Irving Ave & Jefferson St,5051.02,-73.92535,40.70538,16
Washington Park,4546.05,-73.97373,40.691782,130
Clermont Ave & Lafayette Ave,4461.01,-73.969689,40.687645,180
Center Blvd & 51 Ave,6179.07,-73.959607,40.743366,22
53 St & 5 Ave,3129.08,-74.011884,40.643371,188
Allen St & Stanton St,5484.09,-73.989111,40.722055,144
West St & Liberty St,5184.08,-74.014847,40.711444,192
1 Ave & E 6 St,5626.15,-73.986169,40.726331,144
Seaman Ave & Isham St,8665.02,-73.920763,40.869899,19
W 17 St & 8 Ave,6148.02,-74.001497,40.741776,62
W 29 St & 9 Ave,6416.06,-73.998393,40.750073,177
Stanton St & Chrystie St,5523.02,-73.991475,40.722293,144
West Farms Rd & Boone Ave,8076.01,-73.886312,40.830025,24
Carroll St & Washington Ave,3887.03,-73.961815,40.668674,41
E 171 St & 3 Ave,8171.06,-73.902185,40.837119,106
Prospect Pl & Underhill Ave,4116.08,-73.96579,40.676969,163
Stanhope St & Fairview Ave,5146.03,-73.91116,40.70998,189
Kane St & Clinton St,4455.11,-73.996453,40.686176,142
E 68 St & Madison Ave,6932.15,-73.967035,40.769157,101
34 Ave & 31 St,6720.07,-73.927144,40.759604,179
W 52 St & 6 Ave,6740.01,-73.97982,40.76133,68
W 95 St & Broadway,7541.01,-73.971888,40.79377,89
Lewis Ave & Madison St,4425.02,-73.935775,40.686312,110
Forsyth St & Broome St,5453.05,-73.992663,40.718939,94
Henry St & Remsen St,4645.04,-73.994651,40.69401,80
Division Ave & Hooper St,5045.05,-73.954435,40.706842,65
40 Ave & 9 St,6664.05,-73.945133,40.75742,153
North Moore St & Greenwich St,5470.12,-74.010301,40.720195,176
Spruce St & Gold St,5137.13,-74.004323,40.710323,1
Garfield Pl & 8 Ave,3978.13,-73.974841,40.671198,63
10 St & 7 Ave,3762.08,-73.981999,40.666208,99
Sharon St & Olive St,5323.05,-73.93856,40.715353,82
Jerome Ave & Ogden Ave,8081.01,-73.931015,40.829797,30
Broadway & W 29 St,6289.06,-73.988557,40.746201,60
W 44 St & 5 Ave,6551.02,-73.980144,40.755003,68
5 Ave & E 87 St,7323.09,-73.959875,40.782323,105
Seaman Ave & Beak St,8650.11,-73.926363,40.867505,138
Knickerbocker Ave & Cooper St,4582.05,-73.90448,40.69081,157
Amsterdam Ave & W 66 St,7149.05,-73.984706,40.774667,125
Broad St & Bridge St,4962.08,-74.011678,40.703652,90
4 Ave & 17 St,3739.06,-73.993037,40.665507,21
Sullivan Pl & Franklin Ave,3704.08,-73.960251,40.66408,41
Park Pl & Church St,5288.08,-74.009355,40.713342,64
W 36 St & 9 Ave,6569.07,-73.995168,40.754623,113
E 48 St & 5 Ave,6626.01,-73.978059,40.757246,68
Suydam St & Broadway,4689.03,-73.93223,40.69544,43
Centre St & Worth St,5279.03,-74.002345,40.714948,1
E 144 St & Brook Ave,7777.02,-73.917037,40.811675,141
E 85 St & 3 Ave,7212.05,-73.954071,40.778012,178
Newtown Ave & 23 St,7026.08,-73.924615,40.771361,39
E 74 St & 1 Ave,6953.08,-73.954823,40.768974,29
Union Ave & Jackson St,5300.06,-73.952029,40.716075,191
Adam Clayton Powell Blvd & W 141 St,7893.05,-73.941057,40.819241,76
Clinton St & 4 Place,4119.04,-74.000145,40.678356,112
W 37 St & 10 Ave,6611.02,-73.997901,40.756604,42
Mount Eden Pkwy & Eastburn Ave,8245.03,-73.908544,40.842675,2
E 97 St & Madison Ave,7393.09,-73.953559,40.787801,172
Picnic Point,4374.01,-74.025353,40.685126,136
E 115 St & Lexington Ave,7599.09,-73.9423,40.797911,118
Douglass St & 4 Ave,4175.14,-73.98154,40.679279,100
Westchester Ave & Southern Blvd,8004.03,-73.891677,40.824956,34
Lawrence St & Willoughby St,4596.09,-73.986317,40.692362,17
7 Ave & 41 St,3192.05,-74.000911,40.647379,77
Amsterdam Ave & W 136 St,7920.05,-73.951819,40.819746,8
Lexington Ave & E 111 St,7567.06,-73.944123,40.795412,190
52 St & 6 Ave,3084.05,-74.009441,40.642703,188
36 Ave & 10 St,6737.03,-73.941126,40.761438,133
E 93 St & 2 Ave,7286.02,-73.94892,40.782454,0
7 Ave & Park Pl,4125.07,-73.973243,40.677615,163
Bedford Ave & Montgomery St,3736.03,-73.956934,40.665816,41
E 147 St & Bergen Ave,7840.11,-73.91839,40.814673,141
31 Ave & Steinway St,6782.01,-73.917007,40.761149,145
24 St & 5 Ave,3555.04,-73.995068,40.659555,79
Broadway & W 168 St,8226.06,-73.939721,40.840896,18
E 56 St & 3 Ave,6691.11,-73.967597,40.759345,40
10 Ave & W 14 St,6157.04,-74.008316,40.741982,25
Kent Ave & S 11 St,5062.01,-73.968415,40.707645,147
Canal St & Rutgers St,5303.08,-73.9899,40.714275,94
Woodward Ave & Harman St,5074.08,-73.91092,40.70793,37
Monroe St & Tompkins Ave,4434.06,-73.944694,40.686203,31
3 Ave & Carroll St,4143.04,-73.9865,40.677027,72
5 St & 51 Ave,6137.04,-73.9566,40.742374,22
Division Ave & Marcy Ave,5084.03,-73.957968,40.707087,65
Crescent St & 34 Ave,6759.15,-73.930562,40.76108,179
Westchester Ave & E 156 St,7891.06,-73.905203,40.817802,115
Broadway & W 51 St,6779.04,-73.983362,40.762288,165
Centre St & Chambers St,5207.01,-74.004607,40.712733,1
E 16 St & 5 Ave,6022.04,-73.99239,40.737262,119
Amsterdam Ave & W 156 St,8104.10,-73.942386,40.832081,170
Willoughby Ave & Hall St,4611.03,-73.965369,40.69196,180
E 95 St & 3 Ave,7365.13,-73.950503,40.784903,0
E 48 St & 3 Ave,6541.03,-73.971879,40.754601,143
Devoe St & Lorimer St,5259.06,-73.949103,40.713352,3
Stockholm St & Wilson Ave,4824.03,-73.923044,40.699304,198
Nassau Ave & Newell St,5623.03,-73.947526,40.724813,52
36 St & 4 Ave,3420.01,-74.00422,40.654144,120
Union Ave & N 12 St,5411.07,-73.95242,40.71924,191
Degraw St & Smith St,4298.05,-73.993182,40.682915,142
2 Ave & E 104 St,7436.11,-73.943708,40.789211,190
E 58 St & 1 Ave (NE Corner),6682.03,-73.962262,40.758924,40
W 59 St & 10 Ave,7023.04,-73.988038,40.770513,28
2 Ave & 36 St,3460.01,-74.008702,40.657089,183
W 53 St & 10 Ave,6890.01,-73.990617,40.766697,28
W 52 St & 11 Ave,6926.01,-73.993929,40.767272,28
W 87 St & Amsterdam Ave,7458.03,-73.9747,40.78839,58
Kosciuszko St & Nostrand Ave,4519.04,-73.951335,40.690725,140
Court St & State St,4488.08,-73.992031,40.690238,155
E 157 St & River Ave,8005.03,-73.927311,40.825737,124
Lexington Ave & E 120 St,7652.04,-73.939817,40.801307,118
E 149 St & Jackson Ave,7812.01,-73.909235,40.813135,10
Amsterdam Ave & W 73 St,7260.09,-73.98093,40.779668,131
Norman St & Wyckoff Ave,4654.01,-73.90311,40.69517,157
Wilson Ave & Moffat St,4507.07,-73.90506,40.68906,7
W 48 St & Rockefeller Plaza,6667.10,-73.979603,40.757936,68
Melrose St & Broadway,4801.04,-73.935877,40.697481,43
MacDougal St & Washington Sq,5797.01,-73.998522,40.732264,194
Stanton St & Norfolk St,5445.07,-73.986274,40.720747,144
Henry St & Degraw St,4380.08,-73.999173,40.684751,33
Maiden Ln & Pearl St,5065.10,-74.007319,40.707065,90
Townsend Ave & E 175 St,8323.05,-73.911359,40.84741,2
E 20 St & Park Ave,6055.08,-73.98752,40.738274,119
Broad St & Water St,4920.11,-74.011494,40.702938,90
Suydam St & Knickerbocker Ave,4939.07,-73.923769,40.702013,198
5 St & 6 Ave,3874.01,-73.98209,40.670484,99
57 St & 4 Ave,3093.07,-74.016866,40.642622,53
W 144 St & Adam Clayton Powell Blvd,7932.10,-73.939249,40.820877,76
9 Ave & W 22 St,6266.06,-74.001971,40.745497,25
Wyckoff Av & Stanhope St,4931.05,-73.917775,40.703545,117
3 Ave & Wakeman Pl,2883.03,-74.024714,40.638246,95
Cedar St & Myrtle Ave,4751.01,-73.926241,40.697842,198
Southern Blvd & E 149 St,7788.13,-73.904192,40.811892,115
Macon St & Nostrand Ave,4214.03,-73.950048,40.680983,31
St Nicholas Ave & W 150 St,8013.07,-73.942722,40.827212,170
Montgomery St & Franklin Ave,3776.05,-73.960556,40.666439,41
Goble Pl & Macombs Rd,8269.01,-73.917256,40.844075,2
Carroll St & Smith St,4225.14,-73.994758,40.680611,112
Jackson St & Leonard St,5332.10,-73.948213,40.71638,52
35 St & 21 Ave,7170.04,-73.906558,40.776745,86
Christopher St & Greenwich St,5847.01,-74.007114,40.732916,162
Spruce St & Nassau St,5137.10,-74.005524,40.711464,1
W 170 St & University Ave,8254.01,-73.926075,40.84207,122
Old Fulton St,4903.08,-73.993836,40.702772,151
Flushing Ave & Woodward Ave,5225.02,-73.91873,40.71246,189
E 141 St & St Ann's Ave,7722.06,-73.916124,40.808633,87
W 160 St & St. Nicholas Ave,8138.07,-73.939865,40.834468,18
Willoughby St & Fleet St,4628.05,-73.981302,40.691966,17
16th St & 4th Ave,3811.05,-73.992466,40.666197,21
E 44 St & Lexington Ave,6464.09,-73.974996,40.752643,111
Pacific St & Nevins St,4362.04,-73.983021,40.685376,185
Sands St & Jay St,4821.03,-73.9862,40.700119,50
Nelson Ave & 167 St,8183.08,-73.926089,40.836706,122
W 41 St & 8 Ave,6602.03,-73.990026,40.756405,113
8 Ave & W 27 St,6297.07,-73.996637,40.747968,177
Calyer St & Jewel St,5743.02,-73.94839,40.72984,44
6 Ave & 21 St,3628.11,-73.990974,40.66016,199
Jackson Ave & 46 Rd,6203.02,-73.947333,40.745248,73
St. Nicholas Ave & W 157 St,8085.09,-73.94102,40.832314,170
Greenpoint Ave & Manhattan Ave,5785.05,-73.95394,40.73026,44
E 5 St & Cooper Sq,5712.12,-73.990993,40.72769,71
5 Ave & E 29 St,6248.06,-73.986831,40.745168,5
St Mary's St & Jackson Ave,7737.06,-73.91081,40.808891,10
Grand Concourse & E 199 St,8703.05,-73.88839,40.87142,75
11 Ave & W 27 St,6425.04,-74.005226,40.751396,42
Morton St & Washington St,5772.05,-74.00887,40.73115,74
Anderson Ave & W 164 St,8096.03,-73.927421,40.832057,30
Stagg St & Morgan Ave,5170.01,-73.93372,40.710681,82
31 St & Astoria Blvd,6989.07,-73.918406,40.769918,145
E 84 St & 1 Ave,7180.02,-73.950686,40.775655,123
McGuinness Blvd & Eagle St,5977.01,-73.95284,40.73555,44
Lafayette Ave & St James Pl,4494.04,-73.964763,40.688515,180
MacDougal St & Prince St,5687.04,-74.002971,40.727103,171
1 Ave & E 18 St,5854.09,-73.980544,40.733812,169
E 11 St & Avenue B,5659.11,-73.979504,40.727464,23
W 16 St & The High Line,6233.05,-74.006818,40.743349,25
N 12 St & Bedford Ave,5450.04,-73.954847,40.720798,191
Lafayette Ave & Fort Greene Pl,4395.04,-73.976682,40.686919,129
Graham Ave & Grand St,5178.06,-73.944024,40.711863,3
Hancock St & Bedford Ave,4255.05,-73.95399,40.682166,184
East End Ave & E 86 St,7113.08,-73.944461,40.775186,123
Southern Blvd & Tiffany St,7867.04,-73.894143,40.818185,34
Bergen Ave & E 152 St,7858.02,-73.914737,40.817166,141
University Pl & E 8 St,5755.14,-73.994903,40.731437,194
Lenox Ave & W 117 St,7655.22,-73.949078,40.802557,54
E 165 St & Jerome Ave,8130.02,-73.925101,40.83263,30
Park Cir & East Dr,3344.02,-73.972212,40.651566,149
10 Ave & W 28 St,6459.04,-74.001768,40.750664,177
Rivington St & Chrystie St,5453.01,-73.991925,40.721101,94
St Marks Pl & 2 Ave,5669.10,-73.98714,40.728419,78
E 1 St & 1 Ave,5593.01,-73.98865,40.723356,144
Greenwich Ave & 8 Ave,6072.06,-74.002638,40.739017,62
Eastern Pkwy & Franklin Ave,3919.07,-73.95768,40.670777,98
W 50 St & 10 Ave,6890.06,-73.991944,40.764734,168
W Broadway & W Houston St,5644.05,-74.000472,40.726378,171
E 98 St & Park Ave,7443.17,-73.95206,40.78813,172
Schermerhorn St & Bond St,4479.08,-73.984517,40.688417,17
Warren St & W Broadway,5288.09,-74.009106,40.71474,64
Goulden Ave & W 197 St,8707.01,-73.89714,40.87156,161
Morris Ave & E Burnside Ave,8441.01,-73.90546,40.85322,84
Classon Ave & St Marks Ave,4074.03,-73.959608,40.67652,98
31 St & 23 Ave,7144.01,-73.912555,40.774788,6
Sedgwick Ave & W Tremont Ave,8428.03,-73.918214,40.853157,61
E 81 St & Park Ave,7188.10,-73.95901,40.776777,105
Ave D & E 8 St,5506.10,-73.975748,40.723684,23
W 45 St & 8 Ave,6676.02,-73.988597,40.759291,113
W 47 St & 10 Ave,6824.07,-73.993012,40.762699,97
King St & Varick St,5687.11,-74.005363,40.727897,171
W 106 St & Amsterdam Ave,7634.01,-73.966449,40.800836,181
3 Ave & 14 St,3850.03,-73.993333,40.668546,21
E 84 St & Park Ave,7243.04,-73.957721,40.778627,105
Henry St & W 9 St,4086.06,-74.00325,40.676374,135
Ashland Pl & Dekalb Ave,4513.09,-73.978776,40.690065,130
Willoughby Ave & Tompkins Ave,4665.02,-73.946269,40.694254,140
Graham Ave & Withers St,5403.04,-73.944859,40.716981,52
Leonard St & Church St,5359.11,-74.005549,40.717571,176
Prospect Park SW & Vanderbilt St,3457.03,-73.973217,40.65482,149
Broadway & W 25 St,6173.08,-73.989186,40.742869,119
W 24 St & 7 Ave,6257.03,-73.995299,40.744876,177
W 50 St & 9 Ave,6854.05,-73.98918,40.763605,168
Waterbury St & Stagg St,5099.02,-73.93734,40.71019,82
Division St & Bowery,5270.08,-73.996732,40.714193,166
Amsterdam Ave & W 162 St,8172.07,-73.939789,40.83618,18
Morris Ave & McClellan St,8107.10,-73.9149,40.831584,85
W 168th S & Fort Washington Ave,8226.07,-73.94224,40.842102,18
Berry St & N 8 St,5379.09,-73.958525,40.719009,128
E 3 St & 1 Ave,5553.03,-73.987834,40.724677,144
Central Ave & Covert St,4550.05,-73.90951,40.68929,154
W 31 St & 7 Ave,6331.01,-73.9916,40.749156,60
62 St & 4 Ave,2923.01,-74.019776,40.639859,53
Fort Washington Ave & W 173 St,8320.01,-73.940493,40.84522,38
Powers St & Olive St,5210.01,-73.93894,40.71323,82
Bulova Ave & Brooklyn Queens Expressway W,6766.03,-73.902534,40.762507,121
Jay St & York St,4895.09,-73.986727,40.701403,50
Hancock St & Wyckoff Ave,4735.16,-73.90674,40.6972,132
Myrtle Ave & Marcy Ave,4707.03,-73.949549,40.695398,140
Warren St & Smith St,4371.01,-73.991278,40.685424,142
Wadsworth Ave & W 179 St,8336.02,-73.936064,40.848467,96
W 33 St & 7 Ave,6407.07,-73.990931,40.7502,60
5 Ave & 66 St,2782.02,-74.020005,40.635679,53
Broadway & Kosciuszko St,4608.01,-73.92852,40.69329,43
Knickerbocker Ave & Halsey St,4623.02,-73.90824,40.693,132
White St & Johnson Ave,5099.03,-73.93581,40.707174,103
Menahan St & Central Ave,4672.01,-73.9196,40.69543,83
Cauldwell Ave & E 158 St,7913.15,-73.908351,40.81989,49
Hamilton Pl & W 138 St,7920.01,-73.952761,40.821728,8
St Nicholas Ave & Manhattan Ave,7723.01,-73.953149,40.809725,93
Union Ave & E 169 St,8064.03,-73.898802,40.82995,139
E 68 St & 3 Ave,6896.16,-73.962246,40.767128,101
2 Ave & E 55 St,6650.08,-73.966382,40.75792,40
24 St & 38 Ave,6581.14,-73.936515,40.756351,133
7 Ave & 20 St,3588.01,-73.98854,40.659053,199
37 St & 24 Ave,6981.16,-73.912094,40.770148,6
E 114 St & 1 Ave,7540.02,-73.936254,40.794566,36
Broadway & W 53 St,6779.05,-73.982681,40.763441,165
W 146 St & Broadway,8018.09,-73.949738,40.826969,107
Grand Concourse & E 161 St,8021.11,-73.922736,40.827134,124
Moffat St & Bushwick,4357.01,-73.90925,40.68458,7
E 138 St & Grand Concourse,7803.08,-73.930605,40.813224,57
Adam Clayton Powell Blvd & W 138 St,7855.03,-73.942296,40.81696,76
River Ave & E 151 St,7967.04,-73.928939,40.822217,124
Madison St & Woodward Ave,4954.07,-73.90408,40.70408,37
E 19 St & 3 Ave,5938.01,-73.984738,40.736245,78
E 158 St & Melrose Ave,7957.11,-73.914688,40.822215,49
Congress St & Hicks St,4497.09,-73.999513,40.689395,33
E Fordham Rd & Webster Ave,8582.09,-73.89105,40.861748,187
E 115 St & Madison Ave,7599.02,-73.944846,40.798944,118
Franklin Ave & E 169 St,8118.02,-73.90208,40.83171,51
W 11 St & 6 Ave,5914.03,-73.998004,40.735324,194
Halsey St & Tompkins Ave,4319.07,-73.944118,40.682369,31
Adam Clayton Powell Blvd & W 115 St,7643.18,-73.953242,40.802535,54
Berkeley Pl & 7 Ave,4051.01,-73.975232,40.675147,63
Wyckoff Ave & Gates Ave,4847.03,-73.911719,40.699871,132
Bedford Ave & Bergen St,4066.15,-73.952918,40.676368,98
Greene Av & Myrtle Av,4784.02,-73.918877,40.698568,117
Central Park West & W 85 St,7354.01,-73.969862,40.78476,89
53 St & 4 Ave,3169.07,-74.014531,40.644862,188
11 St & 43 Ave,6438.04,-73.947912,40.751907,73
Graham Ave & Herbert St,5403.05,-73.945004,40.719293,52
Lexington Ave & E 36 St,6313.10,-73.978801,40.747574,111
1 Ave & E 62 St,6753.08,-73.96094,40.761227,40
John St & William St,5065.04,-74.007222,40.708621,1
21 Ave & 80 St,7060.02,-73.889914,40.770888,45
E 27 St & Park Ave S,6131.13,-73.984716,40.742752,5
Eldert St & Bushwick Ave,4399.03,-73.91321,40.68652,154
Sterling Pl & Bedford Ave,3993.03,-73.954131,40.672695,98
23 Rd & 29 St,7082.01,-73.914935,40.77406,6
Greene Ave & Throop Ave,4510.04,-73.942061,40.689493,31
Franklin Ave & St Marks Ave,4107.05,-73.956168,40.675832,98
Walton Ave & E 168 St,8179.03,-73.918316,40.83649,122
Metropolitan Ave & Vandervoort Ave,5241.02,-73.93323,40.71429,82
E 81 St & 2 Ave,7121.05,-73.954275,40.774779,178
Banker St & Meserole Ave,5633.04,-73.95621,40.72606,44
Bergen St & 4 Ave,4322.06,-73.979898,40.682564,129
Jerome Ave & E 164 St,8096.02,-73.926226,40.831444,30
Coffey St & Conover St,4137.10,-74.015665,40.677236,48
Bushwick Ave & Dekalb Ave,4680.05,-73.92825,40.69502,43
Cadman Plaza E & Tillary St,4677.01,-73.990149,40.695977,155
Nassau Ave & Russell St,5581.01,-73.94434,40.72557,52
Prospect Pl & 6 Ave,4166.08,-73.975195,40.679331,100
Grand Army Plaza & Central Park S,6839.10,-73.973715,40.764397,66
Baltic St & 5 Ave,4208.11,-73.97855,40.679577,100
Grand Concourse & E 196 St,8635.08,-73.89286,40.86767,161
Wyckoff St & Nevins St,4290.08,-73.984275,40.683426,185
Broadway & Berry St,5164.04,-73.965251,40.710446,147
46 Ave & 5 St,6286.02,-73.95451,40.74731,22
E 55 St & 2 Ave,6650.07,-73.966033,40.757973,40
2 Ave & E 122 St,7622.12,-73.9349,40.800672,36
River Ave & McClellan St,8111.07,-73.92243,40.83406,30
Frederick Douglass Blvd & W 115 St,7658.13,-73.955931,40.803865,148
5 Ave & 3 St,3987.06,-73.983524,40.672815,72
Madison St & Cypress Ave,4807.02,-73.90742,40.70068,37
Lewis Ave & Kosciuszko St,4617.01,-73.937054,40.692371,43
Suydam St & St. Nicholas Ave,5043.06,-73.91945,40.70636,16
44 Dr & Jackson Ave,6352.01,-73.943264,40.747182,73
Franklin Ave & Myrtle Ave,4715.01,-73.958014,40.694546,114
6 Ave & W 45 St,6593.15,-73.982631,40.756951,68
Longwood Ave & Southern Blvd,7849.10,-73.896447,40.816343,34
Bay St & Court St,3931.09,-74.001328,40.671409,135
28 Ave & 35 St,6951.03,-73.916986,40.7671,145
41 St & 4 Ave,3347.03,-74.007168,40.651354,183
Gerard Ave & E 164 St,8077.07,-73.923391,40.830262,30
Crescent St & Ditmars Blvd,7233.05,-73.914564,40.778718,116
Brook Ave & E 157 St,7935.07,-73.911759,40.820713,49
45 Rd & 11 St,6319.01,-73.949772,40.747086,73
Willoughby St & Ashland Pl,4587.02,-73.97877,40.69178,130
E 149 St & Morris Ave,7863.03,-73.922962,40.81734,57
9 St & 44 Rd,6361.03,-73.9521,40.74966,73
Washington Ave & E 163 St,7995.04,-73.91089,40.824,49
W 145 St & Amsterdam Ave,7997.08,-73.947257,40.825244,107
Amsterdam Ave & W 180 St,8353.02,-73.931205,40.847396,96
Prospect Park W & 20 St,3507.04,-73.983864,40.656633,199
Amsterdam Ave & W 175 St,8278.05,-73.933651,40.844044,96
35 St & 30 Ave,6887.03,-73.918116,40.765476,145
Windsor Pl & 8 Ave,3620.02,-73.983074,40.660906,199
Myrtle Ave & Lewis Ave,4729.01,-73.937569,40.69682,43
Grand Concourse & E 167 St,8126.07,-73.917641,40.834263,85
38 St & 30 Ave,6850.01,-73.91584,40.764175,145
Amsterdam Ave & W 172 St,8242.04,-73.935111,40.842173,96
Weeks Ave & E 175 St,8340.05,-73.907342,40.846879,84
Sigourney St & Columbia St,3940.04,-74.008795,40.672672,48
Audubon Ave & Fort George Ave,8491.07,-73.927174,40.857158,196
Prospect Park SW & 16 St,3498.09,-73.974165,40.657265,4
Harlem River Dr & W 155 St,8085.13,-73.939929,40.830476,170
Broadway & Moylan Pl,7823.03,-73.959025,40.814326,93
Carroll St & Franklin Ave,3847.04,-73.9588,40.667941,41
21 St & 31 Dr,6865.03,-73.930819,40.7659,56
40 Ave & Crescent St,6462.05,-73.937956,40.753599,133
55 St & 5 Ave,3050.03,-74.013318,40.642408,188
52 St & 1 Ave,3253.01,-74.020105,40.649292,173
Broadway & W 37 St,6441.02,-73.987535,40.751726,60
Washington St & Gansevoort St,6039.06,-74.008119,40.739323,25
E 85 St & York Ave,7146.04,-73.948034,40.775369,123
Duffield St & Willoughby St,4596.05,-73.984284,40.692216,17
Putnam Ave & Wyckoff Ave,4735.03,-73.90904,40.69811,132
W 100 St & Broadway,7580.01,-73.970412,40.797372,181
1 Ave & E 110 St,7522.02,-73.9383,40.792327,102
Albany Ave & Fulton St,4237.02,-73.938475,40.680011,110
Warren St & Court St,4413.08,-73.993833,40.686371,142
Forest Ave & Summerfield St,4798.02,-73.89795,40.69922,157
E 153 St & E 157 St,8025.01,-73.929327,40.826677,124
Frederick Douglass Blvd & W 112 St,7631.23,-73.957145,40.801694,148
Webster Ave & Ford St,8472.08,-73.89615,40.85556,32
W 47 St & 6 Ave,6667.04,-73.98255,40.758397,68
George St & Wilson Ave,4906.07,-73.92997,40.702997,198
5 Ave & E 63 St,6904.06,-73.971518,40.766368,66
Louis Nine Blvd & Intervale Ave,8114.02,-73.892686,40.831998,139
President St & Henry St,4307.13,-73.999904,40.6828,33
Vernon Blvd & 41 Rd,6514.08,-73.948568,40.755243,153
E 65 St & 2 Ave,6860.12,-73.962221,40.764719,101
35 Ave & 37 St,6563.12,-73.923661,40.755733,81
E 13 St & Avenue A,5779.09,-73.98068,40.729667,169
Sheridan Ave & E 172 St,8229.04,-73.911479,40.840494,167
Boerum St & Broadway,5004.02,-73.949765,40.705381,3
Carlton Ave & Flushing Ave,4732.08,-73.973736,40.697787,46
Westchester Ave & Jackson Ave,7853.01,-73.908116,40.816124,115
Central Ave & Woodbine St,4632.10,-73.91605,40.69296,154
Nassau St & Navy St,4812.02,-73.980689,40.698399,186
Greene Ave & Grandview Ave,5106.04,-73.907856,40.709697,37
Broadway & W 36 St,6441.01,-73.987654,40.750977,60
Lexington Ave & E 29 St,6164.09,-73.982154,40.743116,5
Crescent St & 30 Ave,6958.06,-73.924957,40.768692,39
Leonard St & Maujer St,5148.03,-73.94706,40.710369,3
27 St & Hunter St,6310.06,-73.941275,40.7485,73
E 72 St & York Ave,6889.12,-73.953483,40.766638,29
Clinton St & Joralemon St,4605.04,-73.993379,40.692395,80
5 Ave & 41 St,3306.03,-74.005144,40.649983,77
65 St & 2 Ave,3019.02,-74.02564,40.640493,95
W 104 St & Amsterdam Ave,7610.13,-73.966495,40.799041,181
Convent Ave & W 151 St,8049.10,-73.942924,40.82831,170
Clinton St & Union St,4266.03,-73.997853,40.683116,112
7 Ave & 22 St,3515.01,-73.989605,40.658029,199
Clay Ave & E 173 St,8281.06,-73.904867,40.843264,106
Van Buren St & Broadway,4568.01,-73.92617,40.692,83
Water St & Main St,4936.14,-73.990409,40.703212,151
E 116 St & 2 Ave,7563.06,-73.937261,40.796879,36
Front St & Jay St,4895.03,-73.986842,40.702461,50
Ditmars Blvd & 19 St,7291.06,-73.91833,40.78145,116
3 St & 3 Ave,4028.03,-73.987752,40.67507,72
E 156 & Brook Ave,7896.11,-73.912411,40.819823,49
50 St & 30 Ave,6735.03,-73.907107,40.760083,67
W 148 St & Amsterdam Ave,8033.09,-73.945909,40.827075,107
36 St & Ditmars Blvd,7111.10,-73.908335,40.774306,86
E 102 St & 1 Ave,7407.13,-73.941648,40.786995,102
Southern Blvd & Avenue St. John,7767.06,-73.901583,40.812769,115
W 180 St & Ft Washington Ave,8358.03,-73.938423,40.849972,38
Cypress Ave & George St,4765.07,-73.90271,40.69812,157
Cabrini Blvd & W 177 St,8358.10,-73.941343,40.848282,38
Westchester Ave & Longwood Ave,7909.07,-73.901311,40.819701,115
34 St & 38 Ave,6453.02,-73.929737,40.752443,14
Union Ave & Wallabout St,4818.03,-73.950323,40.700295,88
Hicks St & Montague St,4645.09,-73.995951,40.695128,80
Columbus Ave & W 95 St,7520.07,-73.968087,40.791956,89
31 Ave & 34 St,6819.15,-73.920827,40.763154,145
Prospect Ave & E 151 St,7830.03,-73.903927,40.814232,115
Central Ave & Decatur St,4432.10,-73.90798,40.6882,7
St. Ann's Av & Bruckner Blvd,7657.03,-73.919763,40.803399,87
Morgan Ave & Lombardy St,5503.01,-73.93889,40.72226,52
Halsey St & Broadway,4366.01,-73.91564,40.68565,154
Park Ave & E 162 St,8016.07,-73.915585,40.825716,49
Madison St & Seneca Ave,4880.11,-73.90625,40.70183,37
Chester Ave & 12 Ave,3135.04,-73.984276,40.644367,193
Grand Concourse & E 171 St,8194.06,-73.913004,40.839549,167
21 Ave & Crescent St,7284.01,-73.912212,40.780478,116
E 118 St & Madison Ave,7640.04,-73.944251,40.801487,118
28 St & 36 Ave,6614.01,-73.932719,40.757186,14
E 160 St & Tinton Ave,7931.05,-73.903944,40.820302,115
Riverside Dr & W 91 St,7524.16,-73.977004,40.793135,58
Shakespeare Ave & W 169 St,8198.05,-73.922423,40.839312,122
Beck St & Leggett Ave,7807.04,-73.899939,40.815077,115
Willis Ave & E 137 St,7726.02,-73.923604,40.808384,182
Park Ave & E 124 St,7682.01,-73.939686,40.804555,134
Intervale Ave & Westchester Ave,7948.10,-73.896752,40.821967,34
31 St & Newtown Ave,6923.20,-73.920933,40.767549,145
Margaret Corbin Plz & Ft Washington Ave,8532.03,-73.933872,40.859166,59
Dwight St & Van Dyke St,3981.10,-74.011956,40.673636,48
76 St & 21 Ave,7032.02,-73.893675,40.77028,195
Fulton Ave & E 168 St,8084.03,-73.904556,40.830471,51
Macombs Rd & Featherbed Ln,8307.05,-73.91722,40.84552,61
W 204 St & Nagle Ave,8579.03,-73.920827,40.863211,19
34 Ave & 38 St,6638.01,-73.921631,40.756913,81
Hazen St & 20 Ave,7032.06,-73.895166,40.772092,195
Adam Clayton Powell Blvd & W 123 St,7704.04,-73.949373,40.807832,159
3 Ave & E 174 St - Bathgate Vaccination Site,8241.07,-73.8985,40.84224,106
Roosevelt Island Tramway,6599.01,-73.9536,40.757284,153
E 167 St & Bryant Ave,8040.03,-73.888719,40.826706,24
24 Ave & 29 St,7119.04,-73.916142,40.7729,6
Vernon Blvd & 10 St,6937.07,-73.937355,40.767186,56
Cedar Ave & W Fordham Rd,8575.02,-73.91219,40.86156,160
35 St & 23 Ave,7047.07,-73.91119,40.773015,6
11 Ave & Prospect Ave,3538.09,-73.977335,40.65629,4
Dahill Rd & 12 Ave,3208.07,-73.980963,40.646037,70
25 Ave & 41 St,6943.07,-73.910963,40.767666,67
Front St & Gold St,4927.04,-73.982578,40.70224,50
Fairview Ave & Linden St,5066.03,-73.90632,40.70694,37
Cauldwell Ave & E 161 St,7952.02,-73.907521,40.82188,49
Seneca Ave & Irvine St,7883.09,-73.888625,40.818726,109
Aqueduct Ave & W 190 St,8605.06,-73.902424,40.864921,174
36 Ave & 31 St,6572.08,-73.929575,40.756513,14
Clark St & Henry St,4789.03,-73.993446,40.697601,151
Vernon Blvd & 47 Rd,6212.08,-73.953457,40.744907,22
Bushwick Ave & Stagg St,5140.06,-73.94008,40.709897,82
Broadway & Furman Ave,4244.06,-73.90756,40.68139,7
3 Ave & E 172 St,8205.05,-73.900277,40.839586,106
46 St & 25 Ave,6907.03,-73.90676,40.765753,67
Willoughby Ave & Onderdonk Ave,5115.05,-73.91727,40.7098,189
6 Ave & 55 St,3000.08,-74.010996,40.640831,188
Madison St & Evergreen Ave,4560.01,-73.91693,40.69122,154
35 St & Broadway,6750.16,-73.922243,40.760339,81
28 Ave & 44 St,6879.04,-73.910651,40.764089,67
20 Ave & 33 St,7226.03,-73.905708,40.779399,86
46 St & 7 Ave,3117.05,-74.003754,40.644743,77
Waterloo Pl & Crotona Park East,8216.02,-73.888587,40.839194,158
Kingsland Ave & Nassau Ave,5613.04,-73.94173,40.72577,52
Carroll St & 6 Ave,4019.06,-73.978728,40.674089,63
E 60 St & York Ave,6682.08,-73.959223,40.759107,40
Ditmars Blvd & 76 St,6927.03,-73.893531,40.768442,195
Morris Ave & E 163 St,8036.05,-73.917656,40.82723,85
Macombs Pl & W 152 St,8029.28,-73.937948,40.826406,170
Wilkins Ave & Crotona Park E,8167.02,-73.895133,40.835302,139
Bridge St & Water St,4968.03,-73.984691,40.702969,50
5 Ave & E 93 St,7372.10,-73.957481,40.785785,172
E 170 St & Clay Ave,8156.01,-73.908345,40.837213,167
Wolcott St & Dwight St,4054.02,-74.01007,40.675327,48
Fulton Ave & E 172 St,8186.01,-73.899047,40.839229,106
Lafayette Ave & Hunts Point Ave,7883.06,-73.888161,40.816567,109
Jerome Ave & W Fordham Rd,8586.09,-73.90108,40.86294,92
W 181 St & Riverside Dr,8381.04,-73.94186,40.85168,38
E 88 St & Park Ave,7293.10,-73.955959,40.781411,105
Tiebout Ave & E 184 St,8510.02,-73.89637,40.858498,32
Vernon Blvd & 30 Rd,7003.03,-73.934171,40.770845,56
Henry St & Middagh St,4861.05,-73.991581,40.7003,151
Pioneer St & Van Brunt St,4169.04,-74.011169,40.679043,48
Edgecombe Ave & W 145 St,7976.08,-73.94386,40.823498,107
Wales Ave & E 147 St,7751.05,-73.907729,40.811314,10
Crescent St & 35 Ave,6688.01,-73.932146,40.759628,179
21 St & 43 Ave,6395.01,-73.945948,40.750525,73
Vernon Blvd & 31 Ave,7003.06,-73.93545,40.769247,56
38 Ave & 29 St,6538.11,-73.93367,40.75473,14
Gerard Ave & E 165 St,8111.04,-73.922394,40.83173,30
Jerome Ave & Bedford Park Blvd E,8734.02,-73.88971,40.87307,75
E 118 St & 3 Ave,7611.02,-73.938915,40.799139,36
E 161 St & River Ave,8041.07,-73.927111,40.827883,30
W 192 St & University Ave,8639.01,-73.901942,40.866899,174
E 7 St & Avenue A,5626.07,-73.983799,40.726218,23
Lefferts Pl & Franklin Ave,4222.02,-73.955769,40.680342,184
Broadway & W 142 St,7981.16,-73.951947,40.824686,8
Bond St & Fulton St,4479.06,-73.983043,40.689622,17
Broadway & 51 St,6545.07,-73.908906,40.754164,35
Carroll St & 5 Ave,4060.09,-73.981483,40.675162,100
Johnson St & Gold St,4668.08,-73.983625,40.694749,186
67 St & Erik Pl,2733.03,-74.016562,40.633385,53
Prospect Ave & E 167 St,8008.03,-73.898751,40.826303,139
W 100 St & Manhattan Ave,7538.14,-73.9645,40.795,175
58 St & 32 Ave,6579.03,-73.903427,40.75574,121
Lenox Ave & W 115 St,7627.10,-73.950074,40.801194,54
W 84 St & Broadway,7409.08,-73.977112,40.786795,58
Menahan St & Wyckoff Ave,4890.11,-73.91422,40.70113,117
Willis Ave & E 143 St,7798.02,-73.92037,40.812299,141
Mt Morris Park W & W 120 St,7685.14,-73.945925,40.804038,118
E 135 St & St Ann's Ave,7687.05,-73.918889,40.805089,87
Central Ave & Melrose St,4832.07,-73.93039,40.70112,198
Grand Concourse & E 144 St,7845.10,-73.927985,40.81687,57
E 138 St & Willow Ave,7654.04,-73.911545,40.804168,197
Riverside Dr & W 145 St,8018.04,-73.951989,40.827305,107
Jerome Ave & W 184 St,8550.01,-73.902541,40.860814,92
E 142 St & 3 Ave,7781.10,-73.923697,40.812735,57
Barry St & Tiffany St,7844.05,-73.891559,40.816126,109
35 St & 34 Ave,6679.11,-73.924275,40.758058,81
47 Ave & Skillman Ave,6237.01,-73.941765,40.743752,127
Columbia St & Kane St,4422.05,-74.001626,40.687632,33
Grand Concourse & E 205 St,8766.03,-73.886386,40.875531,126
Ditmars Blvd & 79 St,6994.06,-73.890745,40.768728,45
Henry St & Bay St,3972.08,-74.004947,40.672506,135
E 103 St & Lexington Ave,7463.09,-73.947558,40.790305,172
E 132 St & Madison Ave,7748.02,-73.937195,40.810224,134
Boerum Pl	& Pacific St,4488.09,-73.99116,40.688489,142
24 Ave & 26 St,7152.10,-73.918544,40.774591,6
Shore Blvd & Astoria Park,7271.01,-73.923162,40.77977,116
St Nicholas Ave & W 137 St,7898.03,-73.947568,40.818477,8
49 Ave & 21 St,6128.04,-73.948852,40.74252,22
34 Ave & 48 St,6554.05,-73.914952,40.75388,35
8 Ave & W 31 St,6450.05,-73.994685,40.750585,177
West End Ave & W 60 St,7059.08,-73.99005,40.77237,28
S Portland Ave & Hanson Pl,4354.05,-73.974315,40.685396,129
Jerome Ave & E 181 St,8478.11,-73.905528,40.855653,160
W 15 St & 10 Ave,6115.09,-74.007474,40.742754,25
Pearl St & Peck Slip,5096.11,-74.002751,40.708485,1
E Burnside Ave & Ryer Ave,8397.02,-73.901318,40.850535,84
Alexander Ave & E 134 St,7712.04,-73.927107,40.807466,182
67 St & Ridge Blvd,2932.01,-74.027472,40.638799,95
Old Broadway & W 133 St,7881.09,-73.955277,40.818212,150
31 St & Hoyt Ave N,7018.01,-73.917007,40.771153,6
Church Ave & Story St,3007.05,-73.981073,40.642031,193
Cypress Ave & Palmetto St,4921.04,-73.908763,40.701573,37
Bainbridge Ave & E 193 St,8582.02,-73.89246,40.86389,187
34 Ave & 45 St,6596.10,-73.917014,40.754795,35
Bainbridge Ave & E 196 St,8615.01,-73.89042,40.86648,187
50 St & Northern Blvd,6511.03,-73.912402,40.753441,35
Aqueduct Ave & North St,8535.09,-73.905717,40.860479,92
Gerard Ave & McClellan St,8145.03,-73.92112,40.833909,122
47 St & 3 Ave,3243.02,-74.012384,40.649143,9
E 128 St & Madison Ave,7735.23,-73.939182,40.80756,134
43 St & Broadway,6670.03,-73.916637,40.757728,35
46 St & 30 Rd,6703.06,-73.910989,40.76072,67
Sedgwick Ave & W Burnside Ave,8465.01,-73.916661,40.854947,61
Columbia St & W 9 St,4086.05,-74.006471,40.676999,48
48 St & Broadway,6629.06,-73.912715,40.755763,35
Decatur Ave & E 197 St,8597.01,-73.88807,40.86557,187
Broadway & 12 St,6901.01,-73.934777,40.7668,56
Ogden Ave & W 165 St,8149.09,-73.928381,40.834457,30
St Nicholas Ave & W 134 St,7837.30,-73.948222,40.816234,8
Inwood Ave & W 170 St,8233.01,-73.919228,40.840536,122
Lincoln Ave & E 134 St,7712.06,-73.928803,40.808484,182
Lenox Ave & W 140 St,7872.03,-73.938787,40.817245,76
E 102 St & Park Ave,7488.24,-73.950331,40.790483,172
Pioneer St & Richards St,4128.08,-74.009461,40.677775,48
Lexington Ave & E 127 St,7662.13,-73.936322,40.805726,134
Garrison Ave & Manida St,7905.05,-73.890247,40.818743,109
Caton Ave & E 10 St,3230.01,-73.97058,40.648481,149
Ditmars Blvd & 73 St,6964.05,-73.896293,40.76817,195
5 Ave & W 126 St,7701.21,-73.9418,40.80722,134
Prospect Ave & Longwood Ave,7870.02,-73.90202,40.81899,115
62 St & Northern Blvd,6536.02,-73.900318,40.754176,121
31 Ave & 61 St,6654.05,-73.901614,40.757525,121
E 167 St & Franklin Ave,8048.01,-73.90521,40.82895,51
53 St & 2 Ave,3211.06,-74.018846,40.64744,173
49 St & 31 Ave,6662.01,-73.909831,40.758057,35
19 St & 8 Ave,3547.04,-73.985543,40.658489,199
Intervale Ave & Kelly St,8044.09,-73.896372,40.827301,139
9 Ave & W 206 St,8594.02,-73.917583,40.863089,19
34 Ave & 21 St,6798.01,-73.934286,40.762814,56
E 123 St & Lexington Ave,7636.05,-73.9379,40.802926,36
Frederick Douglass Blvd & Harlem River Dr,8100.01,-73.936371,40.830702,170
Adam Clayton Powell Blvd & W 132 St,7814.01,-73.94521,40.813539,159
21 St & 36 Ave,6729.02,-73.936273,40.760185,133
E 138 St & Canal St W,7803.03,-73.929153,40.812304,57
30 Ave & 41 St,6812.06,-73.914142,40.763422,145
10 Ave & W 215 St,8679.03,-73.915198,40.869325,108
Frederick Douglass Blvd & W 139 St,7876.07,-73.944769,40.819006,8
Albemarle Rd & McDonald Ave,3166.03,-73.979681,40.645074,70
Charlotte St & Boston Rd,8167.04,-73.893143,40.835877,158
E 201 St & Briggs Ave,8717.07,-73.88459,40.87207,11
Prospect Ave & Vanderbilt St,3426.02,-73.976291,40.653368,4
Anthony Ave & E 175 St,8319.01,-73.903869,40.846465,84
Jerome Ave & E Mosholu Parkway S,8795.01,-73.88534,40.87935,126
44 St & 2 Ave,3356.05,-74.013587,40.652502,9
10 Ave & W 204 St,8579.09,-73.92006,40.862638,19
38 St & Northern Blvd,6486.07,-73.925384,40.752372,81
E Mosholu Pkwy & E 204 St,8748.02,-73.883365,40.87407,11
8 St & Astoria Blvd,7068.07,-73.932663,40.7726,56
E 134 St & Walnut Ave,7613.04,-73.911034,40.800425,197
W 135 St & Lenox Terrace Pl,7832.04,-73.939336,40.813619,76
Goulden Ave & Bedford Park Blvd W,8738.01,-73.89533,40.87387,75
30 Ave & 21 St,6996.01,-73.928608,40.770374,39
E 8 St & Caton Ave,3272.01,-73.972432,40.648055,149
Faile St & Garrison Ave,7922.01,-73.888271,40.820578,109
43 St & 23 Ave,7009.06,-73.906018,40.769673,86
Willis Ave & Bruckner Blvd,7691.05,-73.925177,40.805701,182
E 165 St & Fox St,7966.02,-73.894025,40.82394,34
Boston Rd & Prospect Ave,8133.08,-73.896599,40.833246,139
31 Rd & 21 St,6929.02,-73.930486,40.766824,56
College Ave & E 170 St,8175.06,-73.910489,40.837576,167
12 Ave & 36 St,3056.05,-73.986418,40.643546,193
Bedford Park Blvd & Paul Ave,8752.01,-73.89186,40.87444,75
48 St & 2 Ave,3283.05,-74.015606,40.650176,9
Broadway & 49 St,6587.04,-73.911517,40.755389,35
31 St & Northern Blvd,6495.17,-73.933493,40.75187,14
Decatur Ave & Bedford Park Blvd,8664.06,-73.88412,40.86813,11
Bainbridge Ave & Bedford Park Blvd,8682.06,-73.88565,40.87002,11
E 128 St & 3 Ave,7696.07,-73.934077,40.805631,134
Webster Ave & E 166 St,8052.01,-73.911259,40.828975,85
Courtlandt Ave & E 149 St,7840.05,-73.919549,40.816402,141
Church Ave & McDonald Ave,3090.06,-73.979239,40.642809,70
Southpoint Park,6566.01,-73.958652,40.753702,40
Botanical Sq & Webster Ave,8646.02,-73.88145,40.86814,11
W Mosholu Pkwy S & Sedgwick Ave,8841.03,-73.88702,40.88226,126
35 Ave & 10 St,6806.06,-73.939855,40.763155,133
43 St & 35 Ave,6520.06,-73.919543,40.754139,81
Goulden Ave & W 205 St,8799.01,-73.89192,40.87812,75
Sedgwick Ave & Hall of Fame Tce,8539.02,-73.913303,40.859532,160
Boone Ave & E 172 St,8110.04,-73.885272,40.832649,24
W 218 St & Broadway,8715.06,-73.914318,40.87139,108
Decatur Ave & Oliver Pl,8631.03,-73.885776,40.867,11
27 Ave & 3 St,7132.08,-73.9342,40.77485,56
49 St & 25 Ave,6804.01,-73.904632,40.764496,67
10 Ave & W 202 St,8543.01,-73.921418,40.861282,196
Webb Ave & W 190 St,8624.01,-73.904255,40.866005,174
Grand Ave & W 181 St,8500.01,-73.907302,40.856302,160
Soissons Landing,4590.01,-74.014866,40.692317,136
Forsyth St	& Grand St,5382.07,-73.993161,40.717798,94
West End Ave & W 78 St,7340.07,-73.981687,40.783786,131
W 74 St & Columbus Ave,7230.10,-73.97755,40.778567,15
Nassau St	& Duffield St,4781.05,-73.98384,40.698477,186
Nelson Ave & W 172 St,8290.01,-73.920999,40.843965,122
Somers St & Broadway,4203.04,-73.90474,40.67945,7
Featherbed Ln & Jerome Ave,8285.11,-73.914311,40.845505,2
7 St & Monroe St,HB304,-74.037977,40.746413,13
Bloomfield St & 15 St,HB203,-74.02658,40.75453,55
Hoboken Terminal - River St & Hudson Pl,HB102,-74.029127,40.736068,91
Warren St,JC006,-74.038051,40.721124,137
Paulus Hook,JC002,-74.033552,40.714145,137
Brunswick & 6th,JC081,-74.050389,40.726012,156
NYCBS DEPOT - DELANCEY,SYS014,-73.982331,40.716444,69
Pier 40 X2,SYS033,-74.011693,40.728487,74
Heights Elevator,JC059,-74.040443,40.748716,13
City Hall,JC003,-74.043845,40.717732,26
Harborside,JC104,-74.034234,40.719252,137
8 St & Washington St,HB603,-74.028199,40.745984,55
Church Sq Park - 5 St & Park Ave,HB601,-74.032233,40.742659,91
Newport Pkwy,JC008,-74.032108,40.728745,91
Columbus Drive,JC014,-74.038914,40.718355,137
Pier 40 Dock Station,SYS035,-74.01198,40.72866,74
Liberty Light Rail,JC052,-74.055701,40.711242,156
Sip Ave,JC056,-74.063913,40.730897,47
11 St & Washington St,HB502,-74.02715,40.749985,55
Columbus Dr at Exchange Pl,JC106,-74.03281,40.71687,137
Essex Light Rail,JC038,-74.036486,40.712774,26
Southwest Park - Jackson St & Observer Hwy,HB401,-74.041664,40.737551,13
Riverview Park,JC057,-74.043991,40.744319,13
JC Medical Center,JC011,-74.049638,40.71654,156
14 St Ferry - 14 St & Shipyard Ln,HB202,-74.024353,40.752961,55
12 St & Sinatra Dr N,HB201,-74.02402,40.750604,55
Madison St & 1 St,HB402,-74.0393,40.73879,13
Bergen Ave,JC095,-74.071455,40.722104,47
Mama Johnson Field - 4 St & Jackson St,HB404,-74.040041,40.74314,13
Grand St,JC102,-74.037683,40.715178,26
Marin Light Rail,JC013,-74.042817,40.714584,26
Morris Canal,JC072,-74.038526,40.712419,26
McGinley Square,JC055,-74.067622,40.72534,47
Grand St & 14 St,HB506,-74.0316,40.75409,55
South Waterfront Walkway - Sinatra Dr & 1 St,HB103,-74.027781,40.736982,91
